Brand,Model,Model_Type
Ambassador,Classic Nova Diesel,Sedan
Audi,A3 35 TDI Attraction,Sedan
Audi,A3 35 TDI Premium,Sedan
Audi,A3 35 TDI Premium Plus,Sedan
Audi,A3 35 TDI Technology,Sedan
Audi,A4 1.8 TFSI,Sedan
Audi,A4 1.8 TFSI Technology Edition,Sedan
Audi,A4 2.0 TDI,Sedan
Audi,A4 2.0 TDI 177 Bhp Premium Plus,Sedan
Audi,A4 2.0 TDI 177 Bhp Technology Edition,Sedan
Audi,A4 2.0 TDI Celebration Edition,Sedan
Audi,A4 2.0 TDI Multitronic,Sedan
Audi,A4 2.0 TDI Premium Sport Limited Edition,Sedan
Audi,A4 2.0 TFSI,Sedan
Audi,A4 3.0 TDI Quattro,Sedan
Audi,A4 3.0 TDI Quattro Premium,Sedan
Audi,A4 30 TFSI Premium Plus,Sedan
Audi,A4 35 TDI Premium,Sedan
Audi,A4 35 TDI Premium Plus,Sedan
Audi,A4 35 TDI Premium Sport,Sedan
Audi,A4 35 TDI Technology,Sedan
Audi,A4 35 TDI Technology Edition,Sedan
Audi,A4 New 2.0 TDI Multitronic,Sedan
Audi,A6 2.0 TDI Design Edition,Sedan
Audi,A6 2.7 TDI,Sedan
Audi,A6 2.8 FSI,Sedan
Audi,A6 2011-2015 2.0 TDI,Sedan
Audi,A6 2011-2015 2.0 TDI Premium Plus,Sedan
Audi,A6 2011-2015 2.0 TDI Technology,Sedan
Audi,A6 2011-2015 3.0 TDI Quattro Premium Plus,Sedan
Audi,A6 2011-2015 35 TDI Premium,Sedan
Audi,A6 2011-2015 35 TDI Technology,Sedan
Audi,A6 2011-2015 35 TFSI Technology,Sedan
Audi,A6 3.0 TDI quattro,Sedan
Audi,A6 35 TDI Matrix,Sedan
Audi,A6 35 TFSI Matrix,Sedan
Audi,A7 2011-2015 3.0 TDI Quattro,Sedan
Audi,A8 L 3.0 TDI quattro,Sedan
Audi,Q3 2.0 TDI,SUV/MUV/MPV
Audi,Q3 2.0 TDI Quattro,SUV/MUV/MPV
Audi,Q3 2012-2015 2.0 TDI Quattro Premium Plus,SUV/MUV/MPV
Audi,Q3 2012-2015 35 TDI Quattro Premium,SUV/MUV/MPV
Audi,Q3 2012-2015 35 TDI Quattro Premium Plus,SUV/MUV/MPV
Audi,Q3 30 TDI Premium FWD,SUV/MUV/MPV
Audi,Q3 35 TDI Quattro Premium,SUV/MUV/MPV
Audi,Q3 35 TDI Quattro Premium Plus,SUV/MUV/MPV
Audi,Q5 2.0 TDI,SUV/MUV/MPV
Audi,Q5 2.0 TDI Premium Plus,SUV/MUV/MPV
Audi,Q5 2.0 TDI Technology,SUV/MUV/MPV
Audi,Q5 2008-2012 2.0 TDI,SUV/MUV/MPV
Audi,Q5 2008-2012 2.0 TFSI Quattro,SUV/MUV/MPV
Audi,Q5 2008-2012 3.0 TDI,SUV/MUV/MPV
Audi,Q5 3.0 TDI Quattro,SUV/MUV/MPV
Audi,Q5 3.0 TDI Quattro Technology,SUV/MUV/MPV
Audi,Q5 30 TDI quattro Premium,SUV/MUV/MPV
Audi,Q5 30 TDI quattro Premium Plus,SUV/MUV/MPV
Audi,Q7 3.0 TDI Quattro Premium Plus,SUV/MUV/MPV
Audi,Q7 3.0 TDI Quattro Technology,SUV/MUV/MPV
Audi,Q7 3.0 TDI quattro,SUV/MUV/MPV
Audi,Q7 35 TDI Quattro Premium Plus,SUV/MUV/MPV
Audi,Q7 35 TDI Quattro Technology,SUV/MUV/MPV
Audi,Q7 4.2 FSI quattro,SUV/MUV/MPV
Audi,Q7 4.2 TDI Quattro Technology,SUV/MUV/MPV
Audi,Q7 45 TDI Quattro Premium Plus,SUV/MUV/MPV
Audi,Q7 45 TDI Quattro Technology,SUV/MUV/MPV
Audi,RS5 Coupe,Convertible/Coupe
Audi,TT 2.0 TFSI,Convertible/Coupe
Audi,TT 40 TFSI,Convertible/Coupe
BMW,1 Series 118d Base,Hatchback
BMW,1 Series 118d Sport Line,Hatchback
BMW,3 Series 2005-2011 325i Sedan,Sedan
BMW,3 Series 318i Sedan,Sedan
BMW,3 Series 320d,Sedan
BMW,3 Series 320d Corporate Edition,Sedan
BMW,3 Series 320d Dynamic,Sedan
BMW,3 Series 320d GT Luxury Line,Sedan
BMW,3 Series 320d Highline,Sedan
BMW,3 Series 320d Luxury Line,Sedan
BMW,3 Series 320d Luxury Plus,Sedan
BMW,3 Series 320d M Sport,Sedan
BMW,3 Series 320d Prestige,Sedan
BMW,3 Series 320d Sedan,Sedan
BMW,3 Series 320d Sport,Sedan
BMW,3 Series 320d Sport Line,Sedan
BMW,3 Series 320i,Sedan
BMW,3 Series 320i Sedan,Sedan
BMW,3 Series 328i Sport Line,Sedan
BMW,3 Series 330 Ci Convertible,Sedan
BMW,3 Series 330d Convertible,Sedan
BMW,3 Series 330i,Sedan
BMW,3 Series GT 320d Luxury Line,Sedan
BMW,3 Series Luxury Line,Sedan
BMW,3 Series Sport,Sedan
BMW,5 Series 2003-2012 520d,Sedan
BMW,5 Series 2003-2012 523i,Sedan
BMW,5 Series 2003-2012 525d,Sedan
BMW,5 Series 2003-2012 530d,Sedan
BMW,5 Series 2003-2012 530d Highline,Sedan
BMW,5 Series 2003-2012 540i Sedan,Sedan
BMW,5 Series 2003-2012 GT 530d LE,Sedan
BMW,5 Series 2007-2010 525d Sedan,Sedan
BMW,5 Series 2010-2013 525i,Sedan
BMW,5 Series 2010-2013 530d,Sedan
BMW,5 Series 2013-2017 520d Luxury Line,Sedan
BMW,5 Series 2013-2017 520d M Sport,Sedan
BMW,5 Series 2013-2017 525d Luxury Line,Sedan
BMW,5 Series 2013-2017 530d M Sport,Sedan
BMW,5 Series 520d Luxury Line,Sedan
BMW,5 Series 520d Sport Line,Sedan
BMW,5 Series 523i Sedan,Sedan
BMW,5 Series 525d Sedan,Sedan
BMW,5 Series 530d Highline Sedan,Sedan
BMW,5 Series 530d M Sport,Sedan
BMW,5 Series 530i Sedan,Sedan
BMW,6 Series 630i Coupe,Convertible/Coupe
BMW,6 Series 640d Coupe,Convertible/Coupe
BMW,6 Series 640d Gran Coupe,Convertible/Coupe
BMW,6 Series 650i Coupe,Convertible/Coupe
BMW,6 Series Gran Coupe,Convertible/Coupe
BMW,7 Series 2007-2012 730Ld,Sedan
BMW,7 Series 2007-2012 740Li,Sedan
BMW,7 Series 2007-2012 750Li,Sedan
BMW,7 Series 730Ld,Sedan
BMW,7 Series 730Ld Design Pure Excellence CBU,Sedan
BMW,7 Series 730Ld Eminence,Sedan
BMW,7 Series 730Ld Sedan,Sedan
BMW,7 Series 740Li,Sedan
BMW,X1 M Sport sDrive 20d,SUV/MUV/MPV
BMW,X1 sDrive 18i,SUV/MUV/MPV
BMW,X1 sDrive 20d Exclusive,SUV/MUV/MPV
BMW,X1 sDrive 20d Sportline,SUV/MUV/MPV
BMW,X1 sDrive 20d xLine,SUV/MUV/MPV
BMW,X1 sDrive20d,SUV/MUV/MPV
BMW,X1 xDrive 20d M Sport,SUV/MUV/MPV
BMW,X1 xDrive 20d xLine,SUV/MUV/MPV
BMW,X3 xDrive 20d Expedition,SUV/MUV/MPV
BMW,X3 xDrive 20d Luxury Line,SUV/MUV/MPV
BMW,X3 xDrive 20d xLine,SUV/MUV/MPV
BMW,X3 xDrive20d,SUV/MUV/MPV
BMW,X3 xDrive20d Advantage Edition,SUV/MUV/MPV
BMW,X3 xDrive20d Expedition,SUV/MUV/MPV
BMW,X3 xDrive20d xLine,SUV/MUV/MPV
BMW,X3 xDrive30d M Sport,SUV/MUV/MPV
BMW,X5 2014-2019 xDrive 30d Design Pure Experience 7 Seater,SUV/MUV/MPV
BMW,X5 3.0d,SUV/MUV/MPV
BMW,X5 X5 M,SUV/MUV/MPV
BMW,X5 xDrive 30d,SUV/MUV/MPV
BMW,X5 xDrive 30d Design Pure Experience 5 Seater,SUV/MUV/MPV
BMW,X5 xDrive 30d M Sport,SUV/MUV/MPV
BMW,X6 xDrive 40d,SUV/MUV/MPV
BMW,X6 xDrive 40d M Sport,SUV/MUV/MPV
BMW,X6 xDrive30d,SUV/MUV/MPV
BMW,Z4 2009-2013 35i,Convertible/Coupe
BMW,Z4 2009-2013 Roadster 2.5i,Convertible/Coupe
Bentley,Continental Flying Spur,Sedan
Chevrolet,Aveo 1.4,Sedan
Chevrolet,Aveo 1.4 LS,Sedan
Chevrolet,Aveo 1.4 LT,Sedan
Chevrolet,Aveo 1.4 LT ABS BSIV,Sedan
Chevrolet,Aveo 1.6 LT,Sedan
Chevrolet,Aveo U-VA 1.2 LS,Sedan
Chevrolet,Aveo U-VA 1.2 LT,Sedan
Chevrolet,Beat Diesel,Hatchback
Chevrolet,Beat Diesel LS,Hatchback
Chevrolet,Beat Diesel LT,Hatchback
Chevrolet,Beat Diesel PS,Hatchback
Chevrolet,Beat LS,Hatchback
Chevrolet,Beat LT,Hatchback
Chevrolet,Beat LT Option,Hatchback
Chevrolet,Beat Option Pack,Hatchback
Chevrolet,Captiva LT,SUV/MUV/MPV
Chevrolet,Captiva LTZ VCDi,SUV/MUV/MPV
Chevrolet,Cruze LTZ,Sedan
Chevrolet,Cruze LTZ AT,Sedan
Chevrolet,Enjoy 1.3 TCDi LS 8,SUV/MUV/MPV
Chevrolet,Enjoy 1.3 TCDi LTZ 8,SUV/MUV/MPV
Chevrolet,Enjoy 1.4 LS 8,SUV/MUV/MPV
Chevrolet,Enjoy Petrol LS 7 Seater,SUV/MUV/MPV
Chevrolet,Enjoy TCDi LS 8 Seater,SUV/MUV/MPV
Chevrolet,Enjoy TCDi LTZ 7 Seater,SUV/MUV/MPV
Chevrolet,Optra 1.6 LS,Sedan
Chevrolet,Optra 1.6 LT Royale,Sedan
Chevrolet,Optra Magnum 1.6 LS BS3,Sedan
Chevrolet,Optra Magnum 1.6 LS Petrol,Sedan
Chevrolet,Optra Magnum 1.6 LT ABS BS3,Sedan
Chevrolet,Optra Magnum 2.0 LS BSIII,Sedan
Chevrolet,Optra Magnum 2.0 LT,Sedan
Chevrolet,Optra Magnum 2.0 LT BS3,Sedan
Chevrolet,Sail 1.2 LS,Sedan
Chevrolet,Sail Hatchback 1.2 LS,Sedan
Chevrolet,Sail Hatchback 1.2 LS ABS,Sedan
Chevrolet,Sail Hatchback LS ABS,Sedan
Chevrolet,Sail LT ABS,Sedan
Chevrolet,Spark 1.0 LS,Hatchback
Chevrolet,Spark 1.0 LT,Hatchback
Chevrolet,Tavera LS B3 10 Seats BSIII,SUV/MUV/MPV
Chevrolet,Tavera LT 9 Str BS IV,SUV/MUV/MPV
Datsun,GO NXT,Hatchback
Datsun,GO Plus A,SUV/MUV/MPV
Datsun,GO Plus T,SUV/MUV/MPV
Datsun,GO Plus T Petrol,SUV/MUV/MPV
Datsun,GO T Option,SUV/MUV/MPV
Datsun,Redi GO Sport,Hatchback
Datsun,redi-GO S,Hatchback
Datsun,redi-GO T,Hatchback
Datsun,redi-GO T Option,Hatchback
Fiat,Avventura MULTIJET Emotion,Hatchback
Fiat,Grande Punto 1.2 Dynamic,Hatchback
Fiat,Grande Punto 1.3 Emotion (Diesel),Hatchback
Fiat,Grande Punto 1.3 Emotion Pack (Diesel),Hatchback
Fiat,Grande Punto 1.4 Emotion,Hatchback
Fiat,Grande Punto EVO 1.3 Active,Hatchback
Fiat,Linea 1.3 Dynamic,Sedan
Fiat,Linea 1.3 Emotion,Sedan
Fiat,Linea Classic Plus 1.3 Multijet,Sedan
Fiat,Linea Emotion,Sedan
Fiat,Linea Emotion (Diesel),Sedan
Fiat,Linea Emotion Pack (Diesel),Sedan
Fiat,Linea T Jet,Sedan
Fiat,Linea T-Jet Active,Sedan
Fiat,Punto EVO 1.2 Emotion,Hatchback
Force,One LX 4x4,SUV/MUV/MPV
Force,One LX ABS 7 Seating,SUV/MUV/MPV
Ford,Aspire Ambiente Diesel,Sedan
Ford,Aspire Titanium Diesel,Sedan
Ford,Aspire Titanium Plus Diesel,Sedan
Ford,Classic 1.4 Duratorq Titanium,Sedan
Ford,EcoSport 1.0 Ecoboost Titanium Plus,SUV/MUV/MPV
Ford,EcoSport 1.0 Ecoboost Titanium Plus BE,SUV/MUV/MPV
Ford,EcoSport 1.5 Diesel Titanium,SUV/MUV/MPV
Ford,EcoSport 1.5 Diesel Titanium Plus,SUV/MUV/MPV
Ford,EcoSport 1.5 Diesel Trend,SUV/MUV/MPV
Ford,EcoSport 1.5 Petrol Titanium,SUV/MUV/MPV
Ford,EcoSport 1.5 Petrol Titanium Plus AT,SUV/MUV/MPV
Ford,EcoSport 1.5 Petrol Trend,SUV/MUV/MPV
Ford,EcoSport 1.5 TDCi Ambiente,SUV/MUV/MPV
Ford,EcoSport 1.5 TDCi Titanium,SUV/MUV/MPV
Ford,EcoSport 1.5 TDCi Trend,SUV/MUV/MPV
Ford,EcoSport 1.5 TDCi Trend Plus,SUV/MUV/MPV
Ford,EcoSport 1.5 TDCi Trend Plus BE,SUV/MUV/MPV
Ford,EcoSport 1.5 Ti VCT AT Titanium,SUV/MUV/MPV
Ford,EcoSport 1.5 Ti VCT AT Titanium BE,SUV/MUV/MPV
Ford,EcoSport 1.5 Ti VCT MT Signature,SUV/MUV/MPV
Ford,EcoSport 1.5 Ti VCT MT Titanium,SUV/MUV/MPV
Ford,EcoSport 1.5 Ti VCT MT Titanium BE,SUV/MUV/MPV
Ford,Ecosport 1.0 Ecoboost Platinum Edition,SUV/MUV/MPV
Ford,Ecosport 1.0 Ecoboost Titanium,SUV/MUV/MPV
Ford,Ecosport 1.5 DV5 MT Ambiente,SUV/MUV/MPV
Ford,Ecosport 1.5 DV5 MT Titanium,SUV/MUV/MPV
Ford,Ecosport 1.5 DV5 MT Titanium Optional,SUV/MUV/MPV
Ford,Ecosport 1.5 DV5 MT Trend,SUV/MUV/MPV
Ford,Ecosport 1.5 Ti VCT AT Titanium,SUV/MUV/MPV
Ford,Ecosport 1.5 Ti VCT MT Titanium,SUV/MUV/MPV
Ford,Ecosport 1.5 Ti VCT MT Trend,SUV/MUV/MPV
Ford,Ecosport Signature Edition Diesel,SUV/MUV/MPV
Ford,Endeavour 2.2 Titanium AT 4X2,SUV/MUV/MPV
Ford,Endeavour 2.2 Trend AT 4X2,SUV/MUV/MPV
Ford,Endeavour 2.2 Trend MT 4X4,SUV/MUV/MPV
Ford,Endeavour 2.5L 4X2,SUV/MUV/MPV
Ford,Endeavour 2.5L 4X2 MT,SUV/MUV/MPV
Ford,Endeavour 3.0L 4X4 AT,SUV/MUV/MPV
Ford,Endeavour 3.2 Titanium AT 4X4,SUV/MUV/MPV
Ford,Endeavour 3.2 Trend AT 4X4,SUV/MUV/MPV
Ford,Endeavour 4x2 XLT,SUV/MUV/MPV
Ford,Endeavour 4x2 XLT Limited Edition,SUV/MUV/MPV
Ford,Endeavour Hurricane Limited Edition,SUV/MUV/MPV
Ford,Endeavour Titanium 4X2,SUV/MUV/MPV
Ford,Endeavour XLT TDCi 4X2,SUV/MUV/MPV
Ford,Fiesta 1.4 Duratec EXI,Sedan
Ford,Fiesta 1.4 Duratec EXI Limited Edition,Sedan
Ford,Fiesta 1.4 Duratec ZXI,Sedan
Ford,Fiesta 1.4 Duratorq EXI,Sedan
Ford,Fiesta 1.4 Duratorq ZXI,Sedan
Ford,Fiesta 1.4 SXi TDCi ABS,Sedan
Ford,Fiesta 1.4 TDCi EXI,Sedan
Ford,Fiesta 1.4 TDCi EXI Limited Edition,Sedan
Ford,Fiesta 1.4 ZXi Duratec,Sedan
Ford,Fiesta 1.4 ZXi Leather,Sedan
Ford,Fiesta 1.4 ZXi TDCi ABS,Sedan
Ford,Fiesta 1.5 TDCi Titanium,Sedan
Ford,Fiesta 1.6 ZXI Duratec,Sedan
Ford,Fiesta 1.6 ZXi ABS,Sedan
Ford,Fiesta 1.6 ZXi Duratec,Sedan
Ford,Fiesta 1.6 ZXi Leather,Sedan
Ford,Fiesta Classic 1.4 Duratorq CLXI,Sedan
Ford,Fiesta Classic 1.4 Duratorq LXI,Sedan
Ford,Fiesta Diesel Style,Sedan
Ford,Fiesta Diesel Titanium Plus,Sedan
Ford,Fiesta Diesel Trend,Sedan
Ford,Fiesta EXi 1.4 TDCi Ltd,Sedan
Ford,Fiesta Titanium 1.5 TDCi,Sedan
Ford,Figo 1.2P Titanium MT,Hatchback
Ford,Figo 1.5D Titanium Plus MT,Hatchback
Ford,Figo 1.5D Trend MT,Hatchback
Ford,Figo 2015-2019 1.2P Sports Edition MT,Hatchback
Ford,Figo 2015-2019 1.2P Titanium MT,Hatchback
Ford,Figo 2015-2019 1.2P Titanium Opt MT,Hatchback
Ford,Figo 2015-2019 1.2P Trend MT,Hatchback
Ford,Figo 2015-2019 1.5D Ambiente MT,Hatchback
Ford,Figo 2015-2019 1.5D Titanium MT,Hatchback
Ford,Figo 2015-2019 1.5D Titanium Plus MT,Hatchback
Ford,Figo 2015-2019 1.5D Trend MT,Hatchback
Ford,Figo 2015-2019 1.5P Titanium AT,Hatchback
Ford,Figo Aspire 1.2 Ti-VCT Ambiente,Sedan
Ford,Figo Aspire 1.2 Ti-VCT Titanium,Sedan
Ford,Figo Aspire 1.2 Ti-VCT Trend,Sedan
Ford,Figo Aspire 1.5 TDCi Ambiente,Sedan
Ford,Figo Aspire 1.5 TDCi Titanium,Sedan
Ford,Figo Aspire 1.5 TDCi Titanium Plus,Sedan
Ford,Figo Aspire 1.5 TDCi Trend,Sedan
Ford,Figo Aspire 1.5 Ti-VCT Titanium,Sedan
Ford,Figo Diesel Celebration Edition,Hatchback
Ford,Figo Diesel EXI,Hatchback
Ford,Figo Diesel EXI Option,Hatchback
Ford,Figo Diesel LXI,Hatchback
Ford,Figo Diesel Titanium,Hatchback
Ford,Figo Diesel ZXI,Hatchback
Ford,Figo Petrol EXI,Hatchback
Ford,Figo Petrol LXI,Hatchback
Ford,Figo Petrol Titanium,Hatchback
Ford,Figo Petrol ZXI,Hatchback
Ford,Figo Titanium Diesel,Hatchback
Ford,Freestyle Titanium Petrol,Hatchback
Ford,Freestyle Titanium Plus Petrol,Hatchback
Ford,Fusion Plus 1.4 TDCi Diesel,Hatchback
Ford,Ikon 1.3 CLXi,Sedan
Ford,Ikon 1.3 Flair,Sedan
Ford,Ikon 1.3 LXi NXt,Sedan
Ford,Ikon 1.4 TDCi DuraTorq,Sedan
Ford,Ikon 1.6 CLXI,Sedan
Ford,Ikon 1.6 ZXI NXt,Sedan
Ford,Mustang V8,Sedan
Honda,Accord 2.4 A/T,Sedan
Honda,Accord 2.4 AT,Sedan
Honda,Accord 2.4 Elegance A/T,Sedan
Honda,Accord 2.4 Elegance M/T,Sedan
Honda,Accord 2.4 Inspire M/T,Sedan
Honda,Accord 2.4 M/T,Sedan
Honda,Accord 2.4 MT,Sedan
Honda,Accord 2001-2003 2.0 AT,Sedan
Honda,Accord 2001-2003 2.3 VTi L AT,Sedan
Honda,Accord V6 AT,Sedan
Honda,Accord VTi-L (AT),Sedan
Honda,Accord VTi-L AT,Sedan
Honda,Accord VTi-L MT,Sedan
Honda,Amaze E i-Dtech,Sedan
Honda,Amaze E i-Vtech,Sedan
Honda,Amaze EX i-Dtech,Sedan
Honda,Amaze EX i-Vtech,Sedan
Honda,Amaze S AT i-Vtech,Sedan
Honda,Amaze S Diesel,Sedan
Honda,Amaze S Petrol,Sedan
Honda,Amaze S i-DTEC,Sedan
Honda,Amaze S i-Dtech,Sedan
Honda,Amaze S i-VTEC,Sedan
Honda,Amaze S i-Vtech,Sedan
Honda,Amaze SX i-DTEC,Sedan
Honda,Amaze SX i-VTEC,Sedan
Honda,Amaze V CVT Petrol,Sedan
Honda,Amaze V Petrol,Sedan
Honda,Amaze VX AT i-Vtech,Sedan
Honda,Amaze VX Diesel,Sedan
Honda,Amaze VX O i VTEC,Sedan
Honda,Amaze VX Petrol,Sedan
Honda,Amaze VX i-DTEC,Sedan
Honda,Amaze VX i-VTEC,Sedan
Honda,Amaze VX i-Vtech,Sedan
Honda,BR-V i-DTEC VX MT,SUV/MUV/MPV
Honda,BR-V i-VTEC S MT,SUV/MUV/MPV
Honda,BRV i-VTEC V CVT,SUV/MUV/MPV
Honda,BRV i-VTEC V MT,SUV/MUV/MPV
Honda,Brio 1.2 S MT,Hatchback
Honda,Brio 1.2 S Option MT,Hatchback
Honda,Brio 1.2 VX AT,Hatchback
Honda,Brio 1.2 VX MT,Hatchback
Honda,Brio E MT,Hatchback
Honda,Brio EX MT,Hatchback
Honda,Brio S MT,Hatchback
Honda,Brio S Option AT,Hatchback
Honda,Brio S Option MT,Hatchback
Honda,Brio V MT,Hatchback
Honda,Brio VX,Hatchback
Honda,Brio VX AT,Hatchback
Honda,CR-V 2.0 AT,SUV/MUV/MPV
Honda,CR-V 2.0L 2WD AT,SUV/MUV/MPV
Honda,CR-V 2.0L 2WD MT,SUV/MUV/MPV
Honda,CR-V 2.4 4WD AT,SUV/MUV/MPV
Honda,CR-V 2.4 AT,SUV/MUV/MPV
Honda,CR-V 2.4 MT,SUV/MUV/MPV
Honda,CR-V 2.4L 4WD AT,SUV/MUV/MPV
Honda,CR-V 2.4L 4WD AT AVN,SUV/MUV/MPV
Honda,CR-V 2.4L 4WD MT,SUV/MUV/MPV
Honda,CR-V Petrol 2WD,SUV/MUV/MPV
Honda,CR-V RVi MT,SUV/MUV/MPV
Honda,City 1.3 EXI,Sedan
Honda,City 1.3 EXI S,Sedan
Honda,City 1.5 E MT,Sedan
Honda,City 1.5 EXI,Sedan
Honda,City 1.5 EXI AT,Sedan
Honda,City 1.5 EXI S,Sedan
Honda,City 1.5 GXI,Sedan
Honda,City 1.5 S AT,Sedan
Honda,City 1.5 S MT,Sedan
Honda,City 1.5 V AT,Sedan
Honda,City 1.5 V AT Exclusive,Sedan
Honda,City 1.5 V AT Sunroof,Sedan
Honda,City 1.5 V MT,Sedan
Honda,City 1.5 V MT Exclusive,Sedan
Honda,City 1.5 V MT Sunroof,Sedan
Honda,City Corporate Edition,Sedan
Honda,City V AT,Sedan
Honda,City V MT,Sedan
Honda,City V MT AVN,Sedan
Honda,City V MT Exclusive,Sedan
Honda,City ZX CVT,Sedan
Honda,City ZX EXi,Sedan
Honda,City ZX GXi,Sedan
Honda,City ZX VTEC,Sedan
Honda,City i DTEC S,Sedan
Honda,City i DTEC SV,Sedan
Honda,City i DTEC V,Sedan
Honda,City i DTEC VX,Sedan
Honda,City i DTEC VX Option,Sedan
Honda,City i DTec E,Sedan
Honda,City i DTec S,Sedan
Honda,City i DTec SV,Sedan
Honda,City i DTec V,Sedan
Honda,City i DTec VX,Sedan
Honda,City i VTEC CVT SV,Sedan
Honda,City i VTEC CVT VX,Sedan
Honda,City i VTEC E,Sedan
Honda,City i VTEC S,Sedan
Honda,City i VTEC SV,Sedan
Honda,City i VTEC V,Sedan
Honda,City i VTEC VX,Sedan
Honda,City i VTEC VX Option,Sedan
Honda,City i-DTEC SV,Sedan
Honda,City i-DTEC ZX,Sedan
Honda,City i-VTEC CVT V,Sedan
Honda,City i-VTEC CVT VX,Sedan
Honda,City i-VTEC CVT ZX,Sedan
Honda,City i-VTEC S,Sedan
Honda,City i-VTEC V,Sedan
Honda,City i-VTEC VX,Sedan
Honda,Civic 2006-2010 1.8 (E) MT,Sedan
Honda,Civic 2006-2010 1.8 MT Sport,Sedan
Honda,Civic 2006-2010 1.8 S AT,Sedan
Honda,Civic 2006-2010 1.8 S MT,Sedan
Honda,Civic 2006-2010 1.8 V AT,Sedan
Honda,Civic 2006-2010 1.8 V MT,Sedan
Honda,Civic 2010-2013 1.8 S MT,Sedan
Honda,Civic 2010-2013 1.8 V AT Sunroof,Sedan
Honda,Civic 2010-2013 1.8 V MT,Sedan
Honda,Jazz 1.2 E i VTEC,Hatchback
Honda,Jazz 1.2 S i VTEC,Hatchback
Honda,Jazz 1.2 SV i VTEC,Hatchback
Honda,Jazz 1.2 V AT i VTEC Privilege,Hatchback
Honda,Jazz 1.2 V CVT i VTEC,Hatchback
Honda,Jazz 1.2 V i VTEC,Hatchback
Honda,Jazz 1.2 VX i VTEC,Hatchback
Honda,Jazz 1.5 S i DTEC,Hatchback
Honda,Jazz 1.5 SV i DTEC,Hatchback
Honda,Jazz 1.5 V i DTEC,Hatchback
Honda,Jazz 1.5 VX i DTEC,Hatchback
Honda,Jazz Active,Hatchback
Honda,Jazz Exclusive CVT,Hatchback
Honda,Jazz Mode,Hatchback
Honda,Jazz S,Hatchback
Honda,Jazz Select Edition,Hatchback
Honda,Jazz V,Hatchback
Honda,Jazz V CVT,Hatchback
Honda,Jazz VX,Hatchback
Honda,Jazz VX Diesel,Hatchback
Honda,Mobilio E i DTEC,SUV/MUV/MPV
Honda,Mobilio E i VTEC,SUV/MUV/MPV
Honda,Mobilio RS Option i DTEC,SUV/MUV/MPV
Honda,Mobilio RS i DTEC,SUV/MUV/MPV
Honda,Mobilio S i DTEC,SUV/MUV/MPV
Honda,Mobilio S i VTEC,SUV/MUV/MPV
Honda,Mobilio V Option i DTEC,SUV/MUV/MPV
Honda,Mobilio V i DTEC,SUV/MUV/MPV
Honda,WR-V Edge Edition i-VTEC S,Hatchback
Honda,WRV i-VTEC VX,Hatchback
Hyundai,Accent CRDi,Sedan
Hyundai,Accent Executive,Sedan
Hyundai,Accent Executive CNG,Sedan
Hyundai,Accent GLE,Sedan
Hyundai,Accent GLE 1,Sedan
Hyundai,Accent GLS,Sedan
Hyundai,Accent GLS 1.6,Sedan
Hyundai,Creta 1.4 CRDi S,SUV/MUV/MPV
Hyundai,Creta 1.4 CRDi S Plus,SUV/MUV/MPV
Hyundai,Creta 1.4 E Plus Diesel,SUV/MUV/MPV
Hyundai,Creta 1.6 CRDi AT SX Plus,SUV/MUV/MPV
Hyundai,Creta 1.6 CRDi SX,SUV/MUV/MPV
Hyundai,Creta 1.6 CRDi SX Option,SUV/MUV/MPV
Hyundai,Creta 1.6 SX,SUV/MUV/MPV
Hyundai,Creta 1.6 SX Automatic Diesel,SUV/MUV/MPV
Hyundai,Creta 1.6 SX Option,SUV/MUV/MPV
Hyundai,Creta 1.6 SX Option Diesel,SUV/MUV/MPV
Hyundai,Creta 1.6 SX Option Executive,SUV/MUV/MPV
Hyundai,Creta 1.6 SX Plus Diesel,SUV/MUV/MPV
Hyundai,Creta 1.6 SX Plus Dual Tone Petrol,SUV/MUV/MPV
Hyundai,Creta 1.6 SX Plus Petrol Automatic,SUV/MUV/MPV
Hyundai,Creta 1.6 VTVT E Plus,SUV/MUV/MPV
Hyundai,Creta 1.6 VTVT S,SUV/MUV/MPV
Hyundai,EON 1.0 Kappa Magna Plus Optional,Hatchback
Hyundai,EON 1.0 Magna Plus Option O,Hatchback
Hyundai,EON D Lite,Hatchback
Hyundai,EON D Lite Plus,Hatchback
Hyundai,EON D Lite Plus Option,Hatchback
Hyundai,EON Era,Hatchback
Hyundai,EON Era Plus,Hatchback
Hyundai,EON LPG Era Plus Option,Hatchback
Hyundai,EON Magna,Hatchback
Hyundai,EON Magna Plus,Hatchback
Hyundai,EON Sportz,Hatchback
Hyundai,Elantra 1.6 SX,Sedan
Hyundai,Elantra 1.6 SX Option AT,Sedan
Hyundai,Elantra 2.0 SX Option AT,Sedan
Hyundai,Elantra CRDi,Sedan
Hyundai,Elantra CRDi S,Sedan
Hyundai,Elantra CRDi SX,Sedan
Hyundai,Elantra CRDi SX AT,Sedan
Hyundai,Elantra SX,Sedan
Hyundai,Elite i20 Asta Option,Hatchback
Hyundai,Elite i20 Diesel Asta Option,Hatchback
Hyundai,Elite i20 Petrol Asta,Hatchback
Hyundai,Elite i20 Petrol Sportz,Hatchback
Hyundai,Elite i20 Sportz Plus,Hatchback
Hyundai,Getz 1.3 GLS,Hatchback
Hyundai,Getz 1.5 CRDi GVS,Hatchback
Hyundai,Getz GLE,Hatchback
Hyundai,Getz GLS,Hatchback
Hyundai,Getz GLS ABS,Hatchback
Hyundai,Getz GVS,Hatchback
Hyundai,Grand i10 1.2 CRDi Asta,Hatchback
Hyundai,Grand i10 1.2 CRDi Magna,Hatchback
Hyundai,Grand i10 1.2 CRDi Sportz,Hatchback
Hyundai,Grand i10 1.2 CRDi Sportz Option,Hatchback
Hyundai,Grand i10 1.2 Kappa Asta,Hatchback
Hyundai,Grand i10 1.2 Kappa Magna,Hatchback
Hyundai,Grand i10 1.2 Kappa Magna AT,Hatchback
Hyundai,Grand i10 1.2 Kappa Sportz,Hatchback
Hyundai,Grand i10 1.2 Kappa Sportz AT,Hatchback
Hyundai,Grand i10 1.2 Kappa Sportz Option,Hatchback
Hyundai,Grand i10 AT Asta,Hatchback
Hyundai,Grand i10 Asta,Hatchback
Hyundai,Grand i10 Asta Option,Hatchback
Hyundai,Grand i10 Asta Option AT,Hatchback
Hyundai,Grand i10 CRDi Asta,Hatchback
Hyundai,Grand i10 CRDi Era,Hatchback
Hyundai,Grand i10 CRDi Magna,Hatchback
Hyundai,Grand i10 CRDi SportZ Edition,Hatchback
Hyundai,Grand i10 CRDi Sportz,Hatchback
Hyundai,Grand i10 CRDi Sportz Celebration Edition,Hatchback
Hyundai,Grand i10 Era,Hatchback
Hyundai,Grand i10 Magna,Hatchback
Hyundai,Grand i10 Magna AT,Hatchback
Hyundai,Grand i10 SportZ Edition,Hatchback
Hyundai,Grand i10 Sportz,Hatchback
Hyundai,Santa Fe 2WD AT,SUV/MUV/MPV
Hyundai,Santa Fe 4WD AT,SUV/MUV/MPV
Hyundai,Santa Fe 4X2,SUV/MUV/MPV
Hyundai,Santa Fe 4X4,SUV/MUV/MPV
Hyundai,Santa Fe 4x4 AT,SUV/MUV/MPV
Hyundai,Santro D Lite,Hatchback
Hyundai,Santro Xing GL Plus,Hatchback
Hyundai,Santro Xing GL Plus LPG,Hatchback
Hyundai,Santro Xing GLS,Hatchback
Hyundai,Santro Xing GLS LPG,Hatchback
Hyundai,Sonata 2.4 GDI,Sedan
Hyundai,Sonata Embera 2.0L CRDi AT,Sedan
Hyundai,Sonata Embera 2.0L CRDi MT,Sedan
Hyundai,Sonata GOLD,Sedan
Hyundai,Sonata Transform 2.4 GDi AT,Sedan
Hyundai,Sonata Transform 2.4 GDi MT,Sedan
Hyundai,Tucson 2.0 Dual VTVT 2WD AT GL,SUV/MUV/MPV
Hyundai,Tucson 2.0 e-VGT 2WD AT GLS,SUV/MUV/MPV
Hyundai,Tucson CRDi,SUV/MUV/MPV
Hyundai,Verna 1.4 CRDi,Sedan
Hyundai,Verna 1.4 CRDi GL,Sedan
Hyundai,Verna 1.4 CX VTVT,Sedan
Hyundai,Verna 1.4 EX,Sedan
Hyundai,Verna 1.4 VTVT,Sedan
Hyundai,Verna 1.6 CRDI,Sedan
Hyundai,Verna 1.6 CRDI AT SX Option,Sedan
Hyundai,Verna 1.6 CRDI SX Option,Sedan
Hyundai,Verna 1.6 CRDi AT S,Sedan
Hyundai,Verna 1.6 CRDi AT SX,Sedan
Hyundai,Verna 1.6 CRDi EX AT,Sedan
Hyundai,Verna 1.6 CRDi EX MT,Sedan
Hyundai,Verna 1.6 CRDi S,Sedan
Hyundai,Verna 1.6 CRDi SX,Sedan
Hyundai,Verna 1.6 EX VTVT,Sedan
Hyundai,Verna 1.6 SX,Sedan
Hyundai,Verna 1.6 SX CRDI (O) AT,Sedan
Hyundai,Verna 1.6 SX CRDi (O),Sedan
Hyundai,Verna 1.6 SX VTVT,Sedan
Hyundai,Verna 1.6 SX VTVT (O),Sedan
Hyundai,Verna 1.6 SX VTVT (O) AT,Sedan
Hyundai,Verna 1.6 SX VTVT AT,Sedan
Hyundai,Verna 1.6 VTVT,Sedan
Hyundai,Verna 1.6 VTVT AT SX,Sedan
Hyundai,Verna 1.6 VTVT EX AT,Sedan
Hyundai,Verna 1.6 VTVT S,Sedan
Hyundai,Verna 1.6 i ABS,Sedan
Hyundai,Verna CRDi,Sedan
Hyundai,Verna CRDi 1.4 E,Sedan
Hyundai,Verna CRDi 1.6 AT SX Option,Sedan
Hyundai,Verna CRDi 1.6 AT SX Plus,Sedan
Hyundai,Verna CRDi 1.6 SX,Sedan
Hyundai,Verna CRDi 1.6 SX Option,Sedan
Hyundai,Verna CRDi ABS,Sedan
Hyundai,Verna CRDi SX,Sedan
Hyundai,Verna CRDi SX ABS,Sedan
Hyundai,Verna SX CRDi AT,Sedan
Hyundai,Verna Transform CRDi VGT SX ABS,Sedan
Hyundai,Verna Transform SX VGT CRDi,Sedan
Hyundai,Verna Transform SX VTVT,Sedan
Hyundai,Verna Transform VTVT,Sedan
Hyundai,Verna Transform Xxi ABS,Sedan
Hyundai,Verna VTVT 1.6 AT EX,Sedan
Hyundai,Verna VTVT 1.6 AT SX Option,Sedan
Hyundai,Verna VTVT 1.6 AT SX Plus,Sedan
Hyundai,Verna VTVT 1.6 SX,Sedan
Hyundai,Verna VTVT 1.6 SX Option,Sedan
Hyundai,Verna XXi ABS (Petrol),Sedan
Hyundai,Verna Xi (Petrol),Sedan
Hyundai,Xcent 1.1 CRDi Base,Sedan
Hyundai,Xcent 1.1 CRDi S,Sedan
Hyundai,Xcent 1.1 CRDi S Celebration Edition,Sedan
Hyundai,Xcent 1.1 CRDi S Option,Sedan
Hyundai,Xcent 1.1 CRDi SX,Sedan
Hyundai,Xcent 1.1 CRDi SX Option,Sedan
Hyundai,Xcent 1.2 CRDi E Plus,Sedan
Hyundai,Xcent 1.2 CRDi S,Sedan
Hyundai,Xcent 1.2 Kappa AT S Option,Sedan
Hyundai,Xcent 1.2 Kappa AT SX Option,Sedan
Hyundai,Xcent 1.2 Kappa Base,Sedan
Hyundai,Xcent 1.2 Kappa S,Sedan
Hyundai,Xcent 1.2 Kappa S Option,Sedan
Hyundai,Xcent 1.2 Kappa S Option CNG,Sedan
Hyundai,Xcent 1.2 Kappa SX,Sedan
Hyundai,Xcent 1.2 Kappa SX Option,Sedan
Hyundai,Xcent 1.2 VTVT E,Sedan
Hyundai,Xcent 1.2 VTVT E Plus,Sedan
Hyundai,Xcent 1.2 VTVT S,Sedan
Hyundai,Xcent 1.2 VTVT SX,Sedan
Hyundai,i10 Asta,Hatchback
Hyundai,i10 Asta 1.2 AT with Sunroof,Hatchback
Hyundai,i10 Asta AT,Hatchback
Hyundai,i10 Asta Sunroof AT,Hatchback
Hyundai,i10 Era,Hatchback
Hyundai,i10 Era 1.1,Hatchback
Hyundai,i10 Era 1.1 iTech SE,Hatchback
Hyundai,i10 Magna,Hatchback
Hyundai,i10 Magna 1.1,Hatchback
Hyundai,i10 Magna 1.1 iTech SE,Hatchback
Hyundai,i10 Magna 1.1L,Hatchback
Hyundai,i10 Magna 1.2,Hatchback
Hyundai,i10 Magna 1.2 iTech SE,Hatchback
Hyundai,i10 Magna AT,Hatchback
Hyundai,i10 Magna LPG,Hatchback
Hyundai,i10 Magna Optional 1.1L,Hatchback
Hyundai,i10 Magna(O) with Sun Roof,Hatchback
Hyundai,i10 Sportz,Hatchback
Hyundai,i10 Sportz 1.1L,Hatchback
Hyundai,i10 Sportz 1.2,Hatchback
Hyundai,i10 Sportz 1.2 AT,Hatchback
Hyundai,i10 Sportz AT,Hatchback
Hyundai,i10 Sportz Option,Hatchback
Hyundai,i20 1.2 Asta,Hatchback
Hyundai,i20 1.2 Asta Option,Hatchback
Hyundai,i20 1.2 Asta with AVN,Hatchback
Hyundai,i20 1.2 Era,Hatchback
Hyundai,i20 1.2 Magna,Hatchback
Hyundai,i20 1.2 Magna Executive,Hatchback
Hyundai,i20 1.2 Sportz,Hatchback
Hyundai,i20 1.2 Sportz Option,Hatchback
Hyundai,i20 1.2 Spotz,Hatchback
Hyundai,i20 1.4 Asta,Hatchback
Hyundai,i20 1.4 Asta (AT),Hatchback
Hyundai,i20 1.4 Asta CRDi with AVN,Hatchback
Hyundai,i20 1.4 Asta Option,Hatchback
Hyundai,i20 1.4 Asta Optional With Sunroof,Hatchback
Hyundai,i20 1.4 CRDi Asta,Hatchback
Hyundai,i20 1.4 CRDi Magna,Hatchback
Hyundai,i20 1.4 CRDi Sportz,Hatchback
Hyundai,i20 1.4 Magna ABS,Hatchback
Hyundai,i20 1.4 Sportz,Hatchback
Hyundai,i20 2015-2017 1.2 Asta,Hatchback
Hyundai,i20 2015-2017 1.2 Asta with AVN,Hatchback
Hyundai,i20 2015-2017 1.2 Magna,Hatchback
Hyundai,i20 2015-2017 1.4 Magna ABS,Hatchback
Hyundai,i20 2015-2017 Asta,Hatchback
Hyundai,i20 2015-2017 Asta 1.2,Hatchback
Hyundai,i20 2015-2017 Magna,Hatchback
Hyundai,i20 2015-2017 Magna 1.2,Hatchback
Hyundai,i20 2015-2017 Sportz 1.2,Hatchback
Hyundai,i20 2015-2017 Sportz AT 1.4,Hatchback
Hyundai,i20 Active 1.2 S,Hatchback
Hyundai,i20 Active 1.2 SX,Hatchback
Hyundai,i20 Active 1.2 SX Dual Tone,Hatchback
Hyundai,i20 Active 1.4 SX,Hatchback
Hyundai,i20 Active 1.4 SX Dual Tone,Hatchback
Hyundai,i20 Active S Diesel,Hatchback
Hyundai,i20 Active SX Dual Tone Petrol,Hatchback
Hyundai,i20 Active SX Petrol,Hatchback
Hyundai,i20 Asta,Hatchback
Hyundai,i20 Asta (o),Hatchback
Hyundai,i20 Asta (o) 1.4 CRDi (Diesel),Hatchback
Hyundai,i20 Asta 1.2,Hatchback
Hyundai,i20 Asta 1.4 CRDi,Hatchback
Hyundai,i20 Asta 1.4 CRDi (Diesel),Hatchback
Hyundai,i20 Asta Option 1.2,Hatchback
Hyundai,i20 Asta Option 1.4 CRDi,Hatchback
Hyundai,i20 Asta Optional with Sunroof 1.2,Hatchback
Hyundai,i20 Diesel Asta Option,Hatchback
Hyundai,i20 Era 1.4 CRDi,Hatchback
Hyundai,i20 Magna,Hatchback
Hyundai,i20 Magna 1.2,Hatchback
Hyundai,i20 Magna 1.4 CRDi,Hatchback
Hyundai,i20 Magna 1.4 CRDi (Diesel),Hatchback
Hyundai,i20 Magna Optional 1.2,Hatchback
Hyundai,i20 Magna Optional 1.4 CRDi,Hatchback
Hyundai,i20 Sportz 1.2,Hatchback
Hyundai,i20 Sportz 1.4 CRDi,Hatchback
Hyundai,i20 Sportz AT 1.4,Hatchback
Hyundai,i20 Sportz Diesel,Hatchback
Hyundai,i20 Sportz Option,Hatchback
Hyundai,i20 Sportz Option 1.2,Hatchback
Hyundai,i20 Sportz Option Diesel,Hatchback
Hyundai,i20 Sportz Petrol,Hatchback
ISUZU,D-MAX V-Cross 4X4,SUV/MUV/MPV
ISUZU,MUX 4WD,SUV/MUV/MPV
Jaguar,F Type 5.0 V8 S,Convertible/Coupe
Jaguar,XE 2.0L Diesel Prestige,Sedan
Jaguar,XE Portfolio,Sedan
Jaguar,XF 2.0 Diesel Portfolio,Sedan
Jaguar,XF 2.2 Litre Executive,Sedan
Jaguar,XF 2.2 Litre Luxury,Sedan
Jaguar,XF 3.0 Litre S Premium Luxury,Sedan
Jaguar,XF Aero Sport Edition,Sedan
Jaguar,XF Diesel,Sedan
Jaguar,XJ 2.0L Portfolio,Sedan
Jaguar,XJ 3.0L Portfolio,Sedan
Jaguar,XJ 3.0L Portfolio LWB,Sedan
Jaguar,XJ 3.0L Premium Luxury,Sedan
Jaguar,XJ 5.0 L V8 Supercharged,Sedan
Jeep,Compass 1.4 Limited Option,SUV/MUV/MPV
Jeep,Compass 2.0 Limited,SUV/MUV/MPV
Jeep,Compass 2.0 Limited 4X4,SUV/MUV/MPV
Jeep,Compass 2.0 Limited Option 4X4,SUV/MUV/MPV
Jeep,Compass 2.0 Limited Option Black,SUV/MUV/MPV
Jeep,Compass 2.0 Longitude,SUV/MUV/MPV
Jeep,Compass 2.0 Sport,SUV/MUV/MPV
Lamborghini,Gallardo Coupe,Convertible/Coupe
Land,Rover Discovery 3 TDV6 Diesel Automatic,SUV/MUV/MPV
Land,Rover Discovery 4 TDV6 SE,SUV/MUV/MPV
Land,Rover Discovery HSE Luxury 3.0 TD6,SUV/MUV/MPV
Land,Rover Discovery SE 3.0 TD6,SUV/MUV/MPV
Land,Rover Discovery Sport SD4 HSE Luxury,SUV/MUV/MPV
Land,Rover Discovery Sport SD4 HSE Luxury 7S,SUV/MUV/MPV
Land,Rover Discovery Sport TD4 HSE,SUV/MUV/MPV
Land,Rover Discovery Sport TD4 HSE 7S,SUV/MUV/MPV
Land,Rover Discovery Sport TD4 S,SUV/MUV/MPV
Land,Rover Freelander 2 HSE,SUV/MUV/MPV
Land,Rover Freelander 2 HSE SD4,SUV/MUV/MPV
Land,Rover Freelander 2 SE,SUV/MUV/MPV
Land,Rover Range Rover 2.2L Dynamic,SUV/MUV/MPV
Land,Rover Range Rover 2.2L Prestige,SUV/MUV/MPV
Land,Rover Range Rover 2.2L Pure,SUV/MUV/MPV
Land,Rover Range Rover 3.0 Diesel LWB Vogue,SUV/MUV/MPV
Land,Rover Range Rover 3.6 TDV8 Vogue SE,SUV/MUV/MPV
Land,Rover Range Rover 3.6 TDV8 Vogue SE Diesel,SUV/MUV/MPV
Land,Rover Range Rover Evoque 2.0 TD4 HSE Dynamic,SUV/MUV/MPV
Land,Rover Range Rover Evoque 2.0 TD4 Pure,SUV/MUV/MPV
Land,Rover Range Rover HSE Dynamic,SUV/MUV/MPV
Land,Rover Range Rover Sport 2005 2012 HSE,SUV/MUV/MPV
Land,Rover Range Rover Sport HSE,SUV/MUV/MPV
Land,Rover Range Rover Sport SE,SUV/MUV/MPV
Land,Rover Range Rover TDV8 (Diesel),SUV/MUV/MPV
Land,Rover Range Rover Vogue SE 4.4 SDV8,SUV/MUV/MPV
Mahindra,Bolero DI BSII,SUV/MUV/MPV
Mahindra,Bolero SLE,SUV/MUV/MPV
Mahindra,Bolero SLE BSIII,SUV/MUV/MPV
Mahindra,Bolero SLX 2WD,SUV/MUV/MPV
Mahindra,Bolero VLX BS IV,SUV/MUV/MPV
Mahindra,Bolero VLX CRDe,SUV/MUV/MPV
Mahindra,Bolero ZLX,SUV/MUV/MPV
Mahindra,Bolero ZLX BSIII,SUV/MUV/MPV
Mahindra,Bolero mHAWK D70 ZLX,SUV/MUV/MPV
Mahindra,KUV 100 G80 K6 Plus 5Str,Hatchback
Mahindra,KUV 100 G80 K8,Hatchback
Mahindra,KUV 100 G80 K8 Dual Tone,Hatchback
Mahindra,KUV 100 mFALCON D75 K4,SUV/MUV/MPV
Mahindra,KUV 100 mFALCON D75 K4 Plus,SUV/MUV/MPV
Mahindra,KUV 100 mFALCON D75 K4 Plus 5str,SUV/MUV/MPV
Mahindra,KUV 100 mFALCON D75 K6,SUV/MUV/MPV
Mahindra,KUV 100 mFALCON D75 K8,SUV/MUV/MPV
Mahindra,KUV 100 mFALCON D75 K8 Dual Tone,SUV/MUV/MPV
Mahindra,KUV 100 mFALCON G80 K2,SUV/MUV/MPV
Mahindra,KUV 100 mFALCON G80 K6 5str AW,SUV/MUV/MPV
Mahindra,KUV 100 mFALCON G80 K6 Plus,SUV/MUV/MPV
Mahindra,KUV 100 mFALCON G80 K8,SUV/MUV/MPV
Mahindra,Logan Diesel 1.5 DLS,Sedan
Mahindra,Logan Petrol 1.4 GLE,Sedan
Mahindra,NuvoSport N6,SUV/MUV/MPV
Mahindra,NuvoSport N8,SUV/MUV/MPV
Mahindra,Quanto C2,SUV/MUV/MPV
Mahindra,Quanto C4,SUV/MUV/MPV
Mahindra,Quanto C6,SUV/MUV/MPV
Mahindra,Quanto C8,SUV/MUV/MPV
Mahindra,Renault Logan 1.4 GLX Petrol,Sedan
Mahindra,Renault Logan 1.5 DLE Diesel,Sedan
Mahindra,Scorpio 1.99 S10,SUV/MUV/MPV
Mahindra,Scorpio 1.99 S10 4WD,SUV/MUV/MPV
Mahindra,Scorpio 1.99 S4 Plus,SUV/MUV/MPV
Mahindra,Scorpio 1.99 S8,SUV/MUV/MPV
Mahindra,Scorpio 2.6 CRDe,SUV/MUV/MPV
Mahindra,Scorpio 2.6 DX,SUV/MUV/MPV
Mahindra,Scorpio 2.6 LX,SUV/MUV/MPV
Mahindra,Scorpio 2.6 SLX CRDe,SUV/MUV/MPV
Mahindra,Scorpio 2009-2014 LX 2WD 7S,SUV/MUV/MPV
Mahindra,Scorpio 2009-2014 SLE 7S BSIV,SUV/MUV/MPV
Mahindra,Scorpio 2009-2014 VLX 2WD 7S BSIV,SUV/MUV/MPV
Mahindra,Scorpio 2009-2014 VLX 4WD AT 7S BSIV,SUV/MUV/MPV
Mahindra,Scorpio DX 2.6 Turbo 8 Str,SUV/MUV/MPV
Mahindra,Scorpio LX 2.6 Turbo,SUV/MUV/MPV
Mahindra,Scorpio LX BS IV,SUV/MUV/MPV
Mahindra,Scorpio S10 4WD,SUV/MUV/MPV
Mahindra,Scorpio S10 7 Seater,SUV/MUV/MPV
Mahindra,Scorpio S10 AT 4WD,SUV/MUV/MPV
Mahindra,Scorpio S2 7 Seater,SUV/MUV/MPV
Mahindra,Scorpio S4 7 Seater,SUV/MUV/MPV
Mahindra,Scorpio S4 Plus,SUV/MUV/MPV
Mahindra,Scorpio S6 7 Seater,SUV/MUV/MPV
Mahindra,Scorpio S6 Plus 7 Seater,SUV/MUV/MPV
Mahindra,Scorpio S8 8 Seater,SUV/MUV/MPV
Mahindra,Scorpio SLE BSIII,SUV/MUV/MPV
Mahindra,Scorpio SLE BSIV,SUV/MUV/MPV
Mahindra,Scorpio SLX,SUV/MUV/MPV
Mahindra,Scorpio VLX,SUV/MUV/MPV
Mahindra,Scorpio VLX 2.2 mHawk Airbag BSIV,SUV/MUV/MPV
Mahindra,Scorpio VLX 2.2 mHawk BSIII,SUV/MUV/MPV
Mahindra,Scorpio VLX 2WD AIRBAG BSIV,SUV/MUV/MPV
Mahindra,Scorpio VLX 2WD AT BSIV,SUV/MUV/MPV
Mahindra,Scorpio VLX 2WD Airbag BSIII,SUV/MUV/MPV
Mahindra,Scorpio VLX 2WD BSIV,SUV/MUV/MPV
Mahindra,Scorpio VLX 4WD,SUV/MUV/MPV
Mahindra,Scorpio VLX 4WD AIRBAG AT BSIV,SUV/MUV/MPV
Mahindra,Scorpio VLX 4WD AIRBAG BSIV,SUV/MUV/MPV
Mahindra,Scorpio VLX AT AIRBAG BSIV,SUV/MUV/MPV
Mahindra,Ssangyong Rexton RX5,SUV/MUV/MPV
Mahindra,Ssangyong Rexton RX7,SUV/MUV/MPV
Mahindra,TUV 300 2015-2019 T8,SUV/MUV/MPV
Mahindra,TUV 300 2015-2019 mHAWK100 T8,SUV/MUV/MPV
Mahindra,TUV 300 2015-2019 mHAWK100 T8 AMT,SUV/MUV/MPV
Mahindra,TUV 300 T8,SUV/MUV/MPV
Mahindra,TUV 300 T8 AMT,SUV/MUV/MPV
Mahindra,Thar CRDe,SUV/MUV/MPV
Mahindra,Thar CRDe AC,SUV/MUV/MPV
Mahindra,Thar DI 4X4,SUV/MUV/MPV
Mahindra,Verito 1.5 D4 BSIV,Sedan
Mahindra,Verito 1.5 D6 BSIV,Sedan
Mahindra,XUV300 W8 Diesel,SUV/MUV/MPV
Mahindra,XUV500 AT W10 AWD,SUV/MUV/MPV
Mahindra,XUV500 AT W10 FWD,SUV/MUV/MPV
Mahindra,XUV500 AT W8 FWD,SUV/MUV/MPV
Mahindra,XUV500 W10 1.99 mHawk,SUV/MUV/MPV
Mahindra,XUV500 W10 2WD,SUV/MUV/MPV
Mahindra,XUV500 W10 AWD,SUV/MUV/MPV
Mahindra,XUV500 W4,SUV/MUV/MPV
Mahindra,XUV500 W4 1.99 mHawk,SUV/MUV/MPV
Mahindra,XUV500 W6 2WD,SUV/MUV/MPV
Mahindra,XUV500 W7,SUV/MUV/MPV
Mahindra,XUV500 W8 1.99 mHawk,SUV/MUV/MPV
Mahindra,XUV500 W8 2WD,SUV/MUV/MPV
Mahindra,XUV500 W8 4WD,SUV/MUV/MPV
Mahindra,XUV500 W9 AT,SUV/MUV/MPV
Mahindra,Xylo D2 BS III,SUV/MUV/MPV
Mahindra,Xylo D2 BSIV,SUV/MUV/MPV
Mahindra,Xylo D2 Maxx,SUV/MUV/MPV
Mahindra,Xylo D4,SUV/MUV/MPV
Mahindra,Xylo D4 BS III,SUV/MUV/MPV
Mahindra,Xylo D4 BSIV,SUV/MUV/MPV
Mahindra,Xylo E2,SUV/MUV/MPV
Mahindra,Xylo E4,SUV/MUV/MPV
Mahindra,Xylo E4 ABS BS III,SUV/MUV/MPV
Mahindra,Xylo E8,SUV/MUV/MPV
Mahindra,Xylo E8 ABS BS IV,SUV/MUV/MPV
Mahindra,Xylo E8 BS IV,SUV/MUV/MPV
Mahindra,Xylo H4,SUV/MUV/MPV
Maruti,800 AC,Hatchback
Maruti,800 AC BSIII,Hatchback
Maruti,800 AC Uniq,Hatchback
Maruti,800 DX BSII,Hatchback
Maruti,800 Std,Hatchback
Maruti,800 Std BSIII,Hatchback
Maruti,A-Star AT VXI,Hatchback
Maruti,A-Star AT Vxi Aktiv,Hatchback
Maruti,A-Star Lxi,Hatchback
Maruti,A-Star Vxi,Hatchback
Maruti,Alto 800 2016-2019 CNG LXI,Hatchback
Maruti,Alto 800 2016-2019 LXI,Hatchback
Maruti,Alto 800 2016-2019 LXI Optional,Hatchback
Maruti,Alto 800 2016-2019 VXI,Hatchback
Maruti,Alto 800 CNG LXI,Hatchback
Maruti,Alto 800 LXI,Hatchback
Maruti,Alto 800 LXI Airbag,Hatchback
Maruti,Alto 800 VXI,Hatchback
Maruti,Alto Green LXi (CNG),Hatchback
Maruti,Alto K10 2010-2014 VXI,Hatchback
Maruti,Alto K10 LXI,Hatchback
Maruti,Alto K10 LXI CNG,Hatchback
Maruti,Alto K10 LXI CNG Optional,Hatchback
Maruti,Alto K10 LXI Optional,Hatchback
Maruti,Alto K10 VXI,Hatchback
Maruti,Alto K10 VXI AGS,Hatchback
Maruti,Alto LX,Hatchback
Maruti,Alto LX BSIII,Hatchback
Maruti,Alto LXI,Hatchback
Maruti,Alto LXi,Hatchback
Maruti,Alto LXi BSII,Hatchback
Maruti,Alto LXi BSIII,Hatchback
Maruti,Alto Std,Hatchback
Maruti,Alto VXi,Hatchback
Maruti,Alto Vxi 1.1,Hatchback
Maruti,Baleno Alpha,Hatchback
Maruti,Baleno Alpha 1.2,Hatchback
Maruti,Baleno Alpha 1.3,Hatchback
Maruti,Baleno Alpha Automatic,Hatchback
Maruti,Baleno Alpha CVT,Hatchback
Maruti,Baleno Alpha Diesel,Hatchback
Maruti,Baleno Delta,Hatchback
Maruti,Baleno Delta 1.2,Hatchback
Maruti,Baleno Delta 1.3,Hatchback
Maruti,Baleno Delta Automatic,Hatchback
Maruti,Baleno Delta CVT,Hatchback
Maruti,Baleno LXI,Sedan
Maruti,Baleno RS 1.0 Petrol,Hatchback
Maruti,Baleno RS Petrol,Hatchback
Maruti,Baleno Sigma 1.2,Hatchback
Maruti,Baleno Vxi - BSIII,Sedan
Maruti,Baleno Zeta,Hatchback
Maruti,Baleno Zeta 1.2,Hatchback
Maruti,Baleno Zeta 1.3,Hatchback
Maruti,Baleno Zeta Automatic,Hatchback
Maruti,Baleno Zeta CVT,Hatchback
Maruti,Celerio CNG VXI MT,Hatchback
Maruti,Celerio LDi,Hatchback
Maruti,Celerio LXI,Hatchback
Maruti,Celerio LXI MT,Hatchback
Maruti,Celerio VXI,Hatchback
Maruti,Celerio VXI AMT,Hatchback
Maruti,Celerio VXI AT,Hatchback
Maruti,Celerio VXI AT Optional,Hatchback
Maruti,Celerio VXI Optional AMT,Hatchback
Maruti,Celerio ZDi,Hatchback
Maruti,Celerio ZXI,Hatchback
Maruti,Celerio ZXI AMT,Hatchback
Maruti,Celerio ZXI AT,Hatchback
Maruti,Celerio ZXI AT Optional,Hatchback
Maruti,Celerio ZXI MT,Hatchback
Maruti,Celerio ZXI Optional,Hatchback
Maruti,Celerio ZXI Optional AMT,Hatchback
Maruti,Ciaz 1.3 Alpha,Sedan
Maruti,Ciaz 1.3 S,Sedan
Maruti,Ciaz 1.4 AT Alpha,Sedan
Maruti,Ciaz 1.4 Alpha,Sedan
Maruti,Ciaz 1.4 Delta,Sedan
Maruti,Ciaz 1.4 Zeta,Sedan
Maruti,Ciaz AT ZXi,Sedan
Maruti,Ciaz Alpha,Sedan
Maruti,Ciaz RS ZDi Plus SHVS,Sedan
Maruti,Ciaz RS ZXi Plus,Sedan
Maruti,Ciaz VDI SHVS,Sedan
Maruti,Ciaz VDi,Sedan
Maruti,Ciaz VDi Plus,Sedan
Maruti,Ciaz VDi Plus SHVS,Sedan
Maruti,Ciaz VXi Plus,Sedan
Maruti,Ciaz ZDi,Sedan
Maruti,Ciaz ZDi Plus,Sedan
Maruti,Ciaz ZDi Plus SHVS,Sedan
Maruti,Ciaz ZDi SHVS,Sedan
Maruti,Ciaz ZXi,Sedan
Maruti,Ciaz ZXi Option,Sedan
Maruti,Ciaz ZXi Plus,Sedan
Maruti,Ciaz Zeta,Sedan
Maruti,Dzire AMT VDI,Sedan
Maruti,Dzire AMT VXI,Sedan
Maruti,Dzire AMT ZDI Plus,Sedan
Maruti,Dzire AMT ZXI Plus,Sedan
Maruti,Dzire LDI,Sedan
Maruti,Dzire New,Sedan
Maruti,Dzire VDI,Sedan
Maruti,Dzire VXI,Sedan
Maruti,Dzire ZDI,Sedan
Maruti,Dzire ZDI Plus,Sedan
Maruti,Eeco 5 STR With AC Plus HTR CNG,SUV/MUV/MPV
Maruti,Eeco 5 Seater AC,SUV/MUV/MPV
Maruti,Eeco 7 Seater Standard,SUV/MUV/MPV
Maruti,Eeco CNG 5 Seater AC,SUV/MUV/MPV
Maruti,Eeco Smiles 5 Seater AC,SUV/MUV/MPV
Maruti,Ertiga LXI,SUV/MUV/MPV
Maruti,Ertiga Paseo VDI,SUV/MUV/MPV
Maruti,Ertiga Paseo VXI,SUV/MUV/MPV
Maruti,Ertiga SHVS VDI,SUV/MUV/MPV
Maruti,Ertiga SHVS ZDI Plus,SUV/MUV/MPV
Maruti,Ertiga VDI,SUV/MUV/MPV
Maruti,Ertiga VDI Limited Edition,SUV/MUV/MPV
Maruti,Ertiga VXI,SUV/MUV/MPV
Maruti,Ertiga VXI AT Petrol,SUV/MUV/MPV
Maruti,Ertiga VXI CNG,SUV/MUV/MPV
Maruti,Ertiga ZDI,SUV/MUV/MPV
Maruti,Ertiga ZDI Plus,SUV/MUV/MPV
Maruti,Ertiga ZXI,SUV/MUV/MPV
Maruti,Esteem Vxi - BSIII,Sedan
Maruti,Grand Vitara 2.4 MT,SUV/MUV/MPV
Maruti,Grand Vitara AT,SUV/MUV/MPV
Maruti,Grand Vitara MT,SUV/MUV/MPV
Maruti,Ignis 1.2 AMT Alpha,Hatchback
Maruti,Ignis 1.2 Alpha,Hatchback
Maruti,Ignis 1.2 Delta,Hatchback
Maruti,Ignis 1.3 Zeta,Hatchback
Maruti,Omni 5 Seater BSIV,SUV/MUV/MPV
Maruti,Omni 5 Str STD,SUV/MUV/MPV
Maruti,Omni 8 Seater BSII,SUV/MUV/MPV
Maruti,Omni 8 Seater BSIV,SUV/MUV/MPV
Maruti,Omni E 8 Str STD,SUV/MUV/MPV
Maruti,Omni E MPI STD BS IV,SUV/MUV/MPV
Maruti,Omni MPI CARGO BSIII W/ IMMOBILISER,SUV/MUV/MPV
Maruti,Omni MPI CARGO BSIV,SUV/MUV/MPV
Maruti,Omni MPI STD BSIV,SUV/MUV/MPV
Maruti,Ritz AT,Hatchback
Maruti,Ritz LDi,Hatchback
Maruti,Ritz LXI,Hatchback
Maruti,Ritz LXi,Hatchback
Maruti,Ritz VDI (ABS) BS IV,Hatchback
Maruti,Ritz VDi,Hatchback
Maruti,Ritz VXI,Hatchback
Maruti,Ritz VXI ABS,Hatchback
Maruti,Ritz VXi,Hatchback
Maruti,Ritz ZDi,Hatchback
Maruti,Ritz ZXI,Hatchback
Maruti,Ritz ZXi,Hatchback
Maruti,S Cross DDiS 200 Alpha,SUV/MUV/MPV
Maruti,S Cross DDiS 200 Delta,SUV/MUV/MPV
Maruti,S Cross DDiS 200 Sigma Option,SUV/MUV/MPV
Maruti,S Cross DDiS 320 Alpha,SUV/MUV/MPV
Maruti,S-Cross Alpha DDiS 200 SH,SUV/MUV/MPV
Maruti,S-Cross Delta DDiS 200 SH,SUV/MUV/MPV
Maruti,S-Cross Zeta DDiS 200 SH,SUV/MUV/MPV
Maruti,SX4 Green Vxi (CNG),Sedan
Maruti,SX4 S Cross DDiS 200 Zeta,SUV/MUV/MPV
Maruti,SX4 S Cross DDiS 320 Zeta,SUV/MUV/MPV
Maruti,SX4 VDI,Sedan
Maruti,SX4 Vxi BSIII,Sedan
Maruti,SX4 Vxi BSIV,Sedan
Maruti,SX4 ZDI,Sedan
Maruti,SX4 ZDI Leather,Sedan
Maruti,SX4 ZXI AT Leather,Sedan
Maruti,SX4 ZXI MT BSIV,Sedan
Maruti,SX4 Zxi BSIII,Sedan
Maruti,SX4 Zxi with Leather BSIII,Sedan
Maruti,Swift AMT DDiS VDI,Hatchback
Maruti,Swift AMT VDI,Hatchback
Maruti,Swift DDiS VDI,Hatchback
Maruti,Swift DDiS ZDI Plus,Hatchback
Maruti,Swift Dzire 1.2 Lxi BSIV,Sedan
Maruti,Swift Dzire 1.2 Vxi BSIV,Sedan
Maruti,Swift Dzire AMT ZDI,Sedan
Maruti,Swift Dzire LDI,Sedan
Maruti,Swift Dzire LDi,Sedan
Maruti,Swift Dzire LXI,Sedan
Maruti,Swift Dzire LXi,Sedan
Maruti,Swift Dzire Ldi BSIV,Sedan
Maruti,Swift Dzire Tour LDI,Sedan
Maruti,Swift Dzire VDI,Sedan
Maruti,Swift Dzire VDI Optional,Sedan
Maruti,Swift Dzire VDi,Sedan
Maruti,Swift Dzire VXI,Sedan
Maruti,Swift Dzire VXI Optional,Sedan
Maruti,Swift Dzire VXi,Sedan
Maruti,Swift Dzire VXi AT,Sedan
Maruti,Swift Dzire Vdi BSIV,Sedan
Maruti,Swift Dzire ZDI,Sedan
Maruti,Swift Dzire ZDi,Sedan
Maruti,Swift Dzire ZXI,Sedan
Maruti,Swift Dzire ZXi,Sedan
Maruti,Swift LDI,Hatchback
Maruti,Swift LDI BSIV,Hatchback
Maruti,Swift LDI Optional,Hatchback
Maruti,Swift LDI SP Limited Edition,Hatchback
Maruti,Swift LXI,Hatchback
Maruti,Swift LXI BSIV,Hatchback
Maruti,Swift LXI Option,Hatchback
Maruti,Swift LXi BSIV,Hatchback
Maruti,Swift Ldi BSIII,Hatchback
Maruti,Swift Ldi BSIV,Hatchback
Maruti,Swift Lxi BSIII,Hatchback
Maruti,Swift RS VDI,Hatchback
Maruti,Swift VDI,Hatchback
Maruti,Swift VDI BSIV,Hatchback
Maruti,Swift VDI Optional,Hatchback
Maruti,Swift VDi BSIII W/ ABS,Hatchback
Maruti,Swift VVT VXI,Hatchback
Maruti,Swift VXI,Hatchback
Maruti,Swift VXI BSIII,Hatchback
Maruti,Swift VXI BSIII W/ ABS,Hatchback
Maruti,Swift VXI BSIV,Hatchback
Maruti,Swift VXI Optional,Hatchback
Maruti,Swift VXi BSIV,Hatchback
Maruti,Swift Vdi BSIII,Hatchback
Maruti,Swift ZDI,Hatchback
Maruti,Swift ZDi,Hatchback
Maruti,Swift ZXI,Hatchback
Maruti,Swift ZXI ABS,Hatchback
Maruti,Swift ZXI Plus,Hatchback
Maruti,Versa DX2 BS II,SUV/MUV/MPV
Maruti,Vitara Brezza LDi,SUV/MUV/MPV
Maruti,Vitara Brezza LDi Option,SUV/MUV/MPV
Maruti,Vitara Brezza VDi,SUV/MUV/MPV
Maruti,Vitara Brezza VDi Option,SUV/MUV/MPV
Maruti,Vitara Brezza ZDi,SUV/MUV/MPV
Maruti,Vitara Brezza ZDi Plus,SUV/MUV/MPV
Maruti,Vitara Brezza ZDi Plus AMT Dual Tone,SUV/MUV/MPV
Maruti,Vitara Brezza ZDi Plus Dual Tone,SUV/MUV/MPV
Maruti,Wagon R AMT VXI,Hatchback
Maruti,Wagon R AMT VXI Option,Hatchback
Maruti,Wagon R CNG LXI,Hatchback
Maruti,Wagon R Duo LX BSIII,Hatchback
Maruti,Wagon R Duo Lxi,Hatchback
Maruti,Wagon R LX,Hatchback
Maruti,Wagon R LX BS IV,Hatchback
Maruti,Wagon R LX BSII,Hatchback
Maruti,Wagon R LX BSIII,Hatchback
Maruti,Wagon R LX DUO BSIII,Hatchback
Maruti,Wagon R LXI,Hatchback
Maruti,Wagon R LXI BS IV,Hatchback
Maruti,Wagon R LXI BSII,Hatchback
Maruti,Wagon R LXI BSIII,Hatchback
Maruti,Wagon R LXI CNG,Hatchback
Maruti,Wagon R LXI DUO BSIII,Hatchback
Maruti,Wagon R LXI LPG BSIV,Hatchback
Maruti,Wagon R LXI Minor,Hatchback
Maruti,Wagon R LXI Optional,Hatchback
Maruti,Wagon R Stingray LXI,Hatchback
Maruti,Wagon R Stingray VXI,Hatchback
Maruti,Wagon R VXI,Hatchback
Maruti,Wagon R VXI 1.2,Hatchback
Maruti,Wagon R VXI AMT,Hatchback
Maruti,Wagon R VXI AMT1.2,Hatchback
Maruti,Wagon R VXI BS IV,Hatchback
Maruti,Wagon R VXI BS IV with ABS,Hatchback
Maruti,Wagon R VXI BSIII,Hatchback
Maruti,Wagon R VXI Minor,Hatchback
Maruti,Wagon R VXI Minor ABS,Hatchback
Maruti,Wagon R VXI Plus,Hatchback
Maruti,Wagon R VXi BSII,Hatchback
Maruti,Wagon R ZXI AMT 1.2,Hatchback
Maruti,Zen Estilo 1.1 LX BSIII,Hatchback
Maruti,Zen Estilo 1.1 LXI BSIII,Hatchback
Maruti,Zen Estilo 1.1 VXI BSIII,Hatchback
Maruti,Zen Estilo LXI BS IV,Hatchback
Maruti,Zen Estilo LXI BSIII,Hatchback
Maruti,Zen Estilo LXI Green (CNG),Hatchback
Maruti,Zen Estilo VXI BSIII,Hatchback
Maruti,Zen LX,Hatchback
Maruti,Zen LXI,Hatchback
Maruti,Zen LXi - BS III,Hatchback
Maruti,Zen LXi BSII,Hatchback
Maruti,Zen VX,Hatchback
Maruti,Zen VXI,Hatchback
Maruti,Zen VXI BSII,Hatchback
Maruti,Zen VXi - BS III,Hatchback
Mercedes-Benz,A Class A180 CDI,Hatchback
Mercedes-Benz,A Class A180 Sport,Hatchback
Mercedes-Benz,A Class A200 CDI Sport,Hatchback
Mercedes-Benz,B Class 2012-2015 B200 Sport CDI,Hatchback
Mercedes-Benz,B Class B180,Hatchback
Mercedes-Benz,B Class B200 CDI,Hatchback
Mercedes-Benz,CLA 200 CDI Sport,Sedan
Mercedes-Benz,CLA 200 CDI Style,Sedan
Mercedes-Benz,CLA 200 CGI Sport,Sedan
Mercedes-Benz,CLA 200 D Sport Edition,Sedan
Mercedes-Benz,CLA 200 Sport Edition,Sedan
Mercedes-Benz,CLS-Class 2006-2010 350 CDI,Sedan
Mercedes-Benz,E-Class 200 Kompressor Elegance,Sedan
Mercedes-Benz,E-Class 2009-2013 E 200 CGI Avantgarde,Sedan
Mercedes-Benz,E-Class 2009-2013 E 200 CGI Elegance,Sedan
Mercedes-Benz,E-Class 2009-2013 E 220 CDI Avantgarde,Sedan
Mercedes-Benz,E-Class 2009-2013 E 250 Elegance,Sedan
Mercedes-Benz,E-Class 2009-2013 E200 CGI Blue Efficiency,Sedan
Mercedes-Benz,E-Class 2009-2013 E250 CDI Avantgarde,Sedan
Mercedes-Benz,E-Class 2009-2013 E250 CDI Blue Efficiency,Sedan
Mercedes-Benz,E-Class 2009-2013 E250 CDI Classic,Sedan
Mercedes-Benz,E-Class 2009-2013 E250 CDI Elegance,Sedan
Mercedes-Benz,E-Class 2009-2013 E350 CDI Avantgarde,Sedan
Mercedes-Benz,E-Class 2009-2013 E350 Petrol,Sedan
Mercedes-Benz,E-Class 2015-2017 E 200 CGI,Sedan
Mercedes-Benz,E-Class 2015-2017 E250 CDI Avantgarde,Sedan
Mercedes-Benz,E-Class 2015-2017 E250 Edition E,Sedan
Mercedes-Benz,E-Class 2015-2017 E350 CDI Avantgrade,Sedan
Mercedes-Benz,E-Class 2015-2017 E350 Edition E,Sedan
Mercedes-Benz,E-Class 230,Sedan
Mercedes-Benz,E-Class 230 E AT,Sedan
Mercedes-Benz,E-Class 250 D W 210,Sedan
Mercedes-Benz,E-Class 280 CDI,Sedan
Mercedes-Benz,E-Class 280 Elegance,Sedan
Mercedes-Benz,E-Class E 200 CGI,Sedan
Mercedes-Benz,E-Class E 220 d,Sedan
Mercedes-Benz,E-Class E 350 d,Sedan
Mercedes-Benz,E-Class E250 CDI Avantgrade,Sedan
Mercedes-Benz,E-Class E250 CDI Launch Edition,Sedan
Mercedes-Benz,E-Class E270 CDI,Sedan
Mercedes-Benz,E-Class E350 CDI,Sedan
Mercedes-Benz,E-Class E400 Cabriolet,Convertible/Coupe
Mercedes-Benz,E-Class Facelift,Sedan
Mercedes-Benz,GL-Class 2007 2012 350 CDI Luxury,SUV/MUV/MPV
Mercedes-Benz,GL-Class 350 CDI Blue Efficiency,SUV/MUV/MPV
Mercedes-Benz,GLA Class 200 CDI,SUV/MUV/MPV
Mercedes-Benz,GLA Class 200 CDI SPORT,SUV/MUV/MPV
Mercedes-Benz,GLA Class 200 Sport,SUV/MUV/MPV
Mercedes-Benz,GLA Class 200 Sport Edition,SUV/MUV/MPV
Mercedes-Benz,GLA Class 200 d Sport,SUV/MUV/MPV
Mercedes-Benz,GLA Class 200 d Style,SUV/MUV/MPV
Mercedes-Benz,GLC 220,SUV/MUV/MPV
Mercedes-Benz,GLC 220d 4MATIC Sport,SUV/MUV/MPV
Mercedes-Benz,GLC 220d 4MATIC Style,SUV/MUV/MPV
Mercedes-Benz,GLC 220d Celebration Edition,SUV/MUV/MPV
Mercedes-Benz,GLC 43 AMG Coupe,Convertible/Coupe
Mercedes-Benz,GLE 250d,SUV/MUV/MPV
Mercedes-Benz,GLE 350d,SUV/MUV/MPV
Mercedes-Benz,GLS 350d 4MATIC,SUV/MUV/MPV
Mercedes-Benz,GLS 350d Grand Edition,SUV/MUV/MPV
Mercedes-Benz,M-Class ML 250 CDI,SUV/MUV/MPV
Mercedes-Benz,M-Class ML 320 CDI,SUV/MUV/MPV
Mercedes-Benz,M-Class ML 350 CDI,SUV/MUV/MPV
Mercedes-Benz,M-Class ML 350 CDI Corporate,SUV/MUV/MPV
Mercedes-Benz,New C-Class 200 CDI Classic,Sedan
Mercedes-Benz,New C-Class 200 CDI Elegance,Sedan
Mercedes-Benz,New C-Class 200 K AT,Sedan
Mercedes-Benz,New C-Class 200 Kompressor,Sedan
Mercedes-Benz,New C-Class 220,Sedan
Mercedes-Benz,New C-Class 220 CDI AT,Sedan
Mercedes-Benz,New C-Class 220 CDI MT,Sedan
Mercedes-Benz,New C-Class 230 Avantgarde,Sedan
Mercedes-Benz,New C-Class 250 CDI Classic,Sedan
Mercedes-Benz,New C-Class C 200 AVANTGARDE,Sedan
Mercedes-Benz,New C-Class C 200 Avantgarde Edition C,Sedan
Mercedes-Benz,New C-Class C 200 CGI,Sedan
Mercedes-Benz,New C-Class C 200 CGI Avantgarde,Sedan
Mercedes-Benz,New C-Class C 200 CGI Elegance,Sedan
Mercedes-Benz,New C-Class C 200 Kompressor Elegance AT,Sedan
Mercedes-Benz,New C-Class C 200 Kompressor Elegance MT,Sedan
Mercedes-Benz,New C-Class C 220 CDI Avantgarde,Sedan
Mercedes-Benz,New C-Class C 220 CDI BE Avantgare,Sedan
Mercedes-Benz,New C-Class C 220 CDI CLASSIC,Sedan
Mercedes-Benz,New C-Class C 220 CDI Celebration Edition,Sedan
Mercedes-Benz,New C-Class C 220 CDI Elegance AT,Sedan
Mercedes-Benz,New C-Class C 220 CDI Style,Sedan
Mercedes-Benz,New C-Class C 220CDIBE Avantgarde Command,Sedan
Mercedes-Benz,New C-Class C 220d Avantgarde Edition C,Sedan
Mercedes-Benz,New C-Class C 250 CDI Avantgarde,Sedan
Mercedes-Benz,New C-Class C 250 CDI Elegance,Sedan
Mercedes-Benz,New C-Class C220 CDI Executive Edition,Sedan
Mercedes-Benz,New C-Class C250 Avantgarde,Sedan
Mercedes-Benz,R-Class R350 4Matic Long,Hatchback
Mercedes-Benz,R-Class R350 CDI 4MATIC,Hatchback
Mercedes-Benz,S Class 2005 2013 320 CDI,Sedan
Mercedes-Benz,S Class 2005 2013 S 300 L,Sedan
Mercedes-Benz,S Class 2005 2013 S 350 CDI,Sedan
Mercedes-Benz,S Class 2005 2013 S 350 L,Sedan
Mercedes-Benz,S Class 2005 2013 S 500,Sedan
Mercedes-Benz,S-Class 280 AT,Sedan
Mercedes-Benz,S-Class 320 L,Sedan
Mercedes-Benz,S-Class S 350 d,Sedan
Mercedes-Benz,SL-Class SL 500,Convertible/Coupe
Mercedes-Benz,SLC 43 AMG,Convertible/Coupe
Mercedes-Benz,SLK-Class 55 AMG,Convertible/Coupe
Mercedes-Benz,SLK-Class SLK 350,Convertible/Coupe
Mini,Clubman Cooper S,Hatchback
Mini,Cooper 3 DOOR D,Hatchback
Mini,Cooper 3 DOOR S,Hatchback
Mini,Cooper 5 DOOR D,Hatchback
Mini,Cooper Convertible 1.6,Convertible/Coupe
Mini,Cooper Convertible S,Convertible/Coupe
Mini,Cooper Countryman D,Hatchback
Mini,Cooper Countryman D High,Hatchback
Mini,Cooper S,Hatchback
Mini,Cooper S Carbon Edition,Hatchback
Mini,Countryman Cooper D,Hatchback
Mitsubishi,Cedia Sports,Sedan
Mitsubishi,Lancer 1.5 SFXi,Sedan
Mitsubishi,Lancer GLXD,Sedan
Mitsubishi,Montero 3.2 GLS,SUV/MUV/MPV
Mitsubishi,Outlander 2.4,SUV/MUV/MPV
Mitsubishi,Pajero 2.8 GLX CRZ,SUV/MUV/MPV
Mitsubishi,Pajero 2.8 GLX Sports,SUV/MUV/MPV
Mitsubishi,Pajero 2.8 SFX,SUV/MUV/MPV
Mitsubishi,Pajero 2.8 SFX 7Str,SUV/MUV/MPV
Mitsubishi,Pajero 2.8 SFX BSIII Dual Tone,SUV/MUV/MPV
Mitsubishi,Pajero 2.8 SFX BSIV Dual Tone,SUV/MUV/MPV
Mitsubishi,Pajero 4X4 LHD,SUV/MUV/MPV
Mitsubishi,Pajero Sport 4X2 AT DualTone BlackTop,SUV/MUV/MPV
Mitsubishi,Pajero Sport 4X4,SUV/MUV/MPV
Mitsubishi,Pajero Sport 4X4 AT,SUV/MUV/MPV
Mitsubishi,Pajero Sport Anniversary Edition,SUV/MUV/MPV
Nissan,Evalia 2013 XL,SUV/MUV/MPV
Nissan,Micra Active XL Petrol,Hatchback
Nissan,Micra Active XV,Hatchback
Nissan,Micra Active XV S,Hatchback
Nissan,Micra Diesel XL,Hatchback
Nissan,Micra Diesel XV,Hatchback
Nissan,Micra Diesel XV Premium,Hatchback
Nissan,Micra Diesel XV Primo,Hatchback
Nissan,Micra XE,Hatchback
Nissan,Micra XL,Hatchback
Nissan,Micra XL Primo,Hatchback
Nissan,Micra XV,Hatchback
Nissan,Micra XV CVT,Hatchback
Nissan,Micra XV D,Hatchback
Nissan,Micra XV Primo,Hatchback
Nissan,Sunny 2011-2014 Diesel XL,Sedan
Nissan,Sunny 2011-2014 Diesel XV,Sedan
Nissan,Sunny 2011-2014 XL,Sedan
Nissan,Sunny 2011-2014 XL AT Special Edition,Sedan
Nissan,Sunny 2011-2014 XV,Sedan
Nissan,Sunny 2011-2014 XV Special Edition,Sedan
Nissan,Sunny Diesel XV,Sedan
Nissan,Sunny XE P,Sedan
Nissan,Sunny XL,Sedan
Nissan,Sunny XL CVT,Sedan
Nissan,Sunny XV CVT,Sedan
Nissan,Sunny XV D,Sedan
Nissan,Teana XV,Sedan
Nissan,Terrano XL,SUV/MUV/MPV
Nissan,Terrano XL 110 PS,SUV/MUV/MPV
Nissan,Terrano XL 85 PS,SUV/MUV/MPV
Nissan,Terrano XL D Option,SUV/MUV/MPV
Nissan,Terrano XL Plus 85 PS,SUV/MUV/MPV
Nissan,Terrano XL Plus ICC WT20 SE,SUV/MUV/MPV
Nissan,Terrano XV 110 PS,SUV/MUV/MPV
Nissan,Terrano XV 110 PS Limited Edition,SUV/MUV/MPV
Nissan,Terrano XV D Pre,SUV/MUV/MPV
Nissan,Terrano XV Premium 110 PS,SUV/MUV/MPV
Nissan,Terrano XV Premium 110 PS Anniversary Edition,SUV/MUV/MPV
Nissan,X-Trail SLX AT,SUV/MUV/MPV
Nissan,X-Trail SLX MT,SUV/MUV/MPV
Porsche,Boxster S tiptronic,Convertible/Coupe
Porsche,Cayenne 2009-2014 Diesel,SUV/MUV/MPV
Porsche,Cayenne 2009-2014 Turbo,SUV/MUV/MPV
Porsche,Cayenne Base,SUV/MUV/MPV
Porsche,Cayenne Diesel,SUV/MUV/MPV
Porsche,Cayenne S Diesel,SUV/MUV/MPV
Porsche,Cayenne Turbo S,SUV/MUV/MPV
Porsche,Panamera 2010 2013 4S,Sedan
Porsche,Panamera 2010 2013 Diesel,Sedan
Porsche,Panamera Diesel,Sedan
Porsche,Panamera Diesel 250hp,Sedan
Renault,Captur 1.5 Diesel Platine Mono,SUV/MUV/MPV
Renault,Captur 1.5 Diesel RXL,SUV/MUV/MPV
Renault,Duster 110PS Diesel RXZ Option,SUV/MUV/MPV
Renault,Duster 110PS Diesel RXZ Optional with Nav,SUV/MUV/MPV
Renault,Duster 110PS Diesel RxL,SUV/MUV/MPV
Renault,Duster 110PS Diesel RxL AMT,SUV/MUV/MPV
Renault,Duster 110PS Diesel RxZ,SUV/MUV/MPV
Renault,Duster 110PS Diesel RxZ AMT,SUV/MUV/MPV
Renault,Duster 110PS Diesel RxZ AWD,SUV/MUV/MPV
Renault,Duster 110PS Diesel RxZ Pack,SUV/MUV/MPV
Renault,Duster 110PS Diesel RxZ Plus,SUV/MUV/MPV
Renault,Duster 85PS Diesel RxE,SUV/MUV/MPV
Renault,Duster 85PS Diesel RxL,SUV/MUV/MPV
Renault,Duster 85PS Diesel RxL Explore,SUV/MUV/MPV
Renault,Duster 85PS Diesel RxL Option,SUV/MUV/MPV
Renault,Duster 85PS Diesel RxL Optional,SUV/MUV/MPV
Renault,Duster 85PS Diesel RxL Optional with Nav,SUV/MUV/MPV
Renault,Duster 85PS Diesel RxL Plus,SUV/MUV/MPV
Renault,Duster Adventure Edition,SUV/MUV/MPV
Renault,Duster Petrol RxL,SUV/MUV/MPV
Renault,Duster RXZ AWD,SUV/MUV/MPV
Renault,Fluence 1.5,Sedan
Renault,Fluence 2.0,Sedan
Renault,Fluence Diesel E4,Sedan
Renault,KWID 1.0 RXL,Hatchback
Renault,KWID 1.0 RXT Optional,Hatchback
Renault,KWID 1.0 RXT Optional AMT,Hatchback
Renault,KWID AMT RXL,Hatchback
Renault,KWID Climber 1.0 AMT,Hatchback
Renault,KWID Climber 1.0 MT,Hatchback
Renault,KWID RXL,Hatchback
Renault,KWID RXT,Hatchback
Renault,KWID RXT Optional,Hatchback
Renault,Koleos 2.0 Diesel,SUV/MUV/MPV
Renault,Lodgy 110PS RxZ 8 Seater,SUV/MUV/MPV
Renault,Pulse Petrol RxL,Hatchback
Renault,Pulse Petrol RxZ,Hatchback
Renault,Pulse RxL,Hatchback
Renault,Scala Diesel RxL,Sedan
Renault,Scala RxL,Sedan
Renault,Scala RxL AT,Sedan
Skoda,Fabia 1.2 MPI Ambiente Petrol,Hatchback
Skoda,Fabia 1.2 MPI Ambition Plus,Hatchback
Skoda,Fabia 1.2 MPI Classic,Hatchback
Skoda,Fabia 1.2 Petrol Active,Hatchback
Skoda,Fabia 1.2 TDI Ambition,Hatchback
Skoda,Fabia 1.2L Diesel Classic,Hatchback
Skoda,Fabia 1.4 MPI Ambiente,Hatchback
Skoda,Fabia 1.4 TDI Active,Hatchback
Skoda,Fabia 1.6 MPI Elegance,Hatchback
Skoda,Laura 1.8 TSI Ambiente,Sedan
Skoda,Laura 1.9 TDI AT Ambiente,Sedan
Skoda,Laura 1.9 TDI AT Elegance,Sedan
Skoda,Laura 1.9 TDI MT Ambiente,Sedan
Skoda,Laura Ambiente,Sedan
Skoda,Laura Ambiente 2.0 TDI CR AT,Sedan
Skoda,Laura Ambiente 2.0 TDI CR MT,Sedan
Skoda,Laura Ambition 2.0 TDI CR AT,Sedan
Skoda,Laura Ambition 2.0 TDI CR MT,Sedan
Skoda,Laura Elegance 2.0 TDI CR AT,Sedan
Skoda,Laura Elegance MT,Sedan
Skoda,Laura L and K AT,Sedan
Skoda,Laura L n K 1.9 PD AT,Sedan
Skoda,Laura RS,Sedan
Skoda,Octavia 1.9 TDI,Sedan
Skoda,Octavia 2.0 TDI AT Style Plus,Sedan
Skoda,Octavia Ambiente 1.9 TDI,Sedan
Skoda,Octavia Ambiente 1.9 TDI MT,Sedan
Skoda,Octavia Ambition 1.4 TSI MT,Sedan
Skoda,Octavia Ambition 1.8 TSI AT,Sedan
Skoda,Octavia Ambition 2.0 TDI AT,Sedan
Skoda,Octavia Ambition Plus 2.0 TDI AT,Sedan
Skoda,Octavia Classic 1.9 TDI MT,Sedan
Skoda,Octavia Elegance 1.8 TSI AT,Sedan
Skoda,Octavia Elegance 1.9 TDI,Sedan
Skoda,Octavia Elegance 2.0 TDI AT,Sedan
Skoda,Octavia L and K 1.9 TDI MT,Sedan
Skoda,Octavia RS,Sedan
Skoda,Octavia Rider 1.9 TDI MT,Sedan
Skoda,Octavia Rider Classic 1.9 TDI,Sedan
Skoda,Octavia Style Plus 2.0 TDI AT,Sedan
Skoda,Rapid 1.5 TDI AT Ambition,Sedan
Skoda,Rapid 1.5 TDI AT Elegance,Sedan
Skoda,Rapid 1.5 TDI AT Elegance Plus,Sedan
Skoda,Rapid 1.5 TDI AT Elegance Plus Black Package,Sedan
Skoda,Rapid 1.5 TDI AT Style,Sedan
Skoda,Rapid 1.5 TDI Ambition,Sedan
Skoda,Rapid 1.5 TDI Ambition Plus,Sedan
Skoda,Rapid 1.5 TDI Elegance,Sedan
Skoda,Rapid 1.5 TDI Style,Sedan
Skoda,Rapid 1.6 MPI AT Ambition,Sedan
Skoda,Rapid 1.6 MPI AT Ambition Plus,Sedan
Skoda,Rapid 1.6 MPI AT Ambition Plus Alloy,Sedan
Skoda,Rapid 1.6 MPI AT Elegance,Sedan
Skoda,Rapid 1.6 MPI AT Elegance Plus,Sedan
Skoda,Rapid 1.6 MPI AT Style,Sedan
Skoda,Rapid 1.6 MPI AT Style Black Package,Sedan
Skoda,Rapid 1.6 MPI AT Style Plus,Sedan
Skoda,Rapid 1.6 MPI Active,Sedan
Skoda,Rapid 1.6 MPI Ambition,Sedan
Skoda,Rapid 1.6 MPI Ambition Plus,Sedan
Skoda,Rapid 1.6 MPI Ambition With Alloy Wheel,Sedan
Skoda,Rapid 1.6 MPI Elegance,Sedan
Skoda,Rapid 1.6 MPI Elegance Black Package,Sedan
Skoda,Rapid 1.6 TDI Active,Sedan
Skoda,Rapid 1.6 TDI Ambition,Sedan
Skoda,Rapid 1.6 TDI Elegance,Sedan
Skoda,Rapid 2013-2016 1.6 MPI Ambition,Sedan
Skoda,Rapid Leisure 1.6 TDI MT,Sedan
Skoda,Rapid Ultima 1.6 MPI Ambition Plus,Sedan
Skoda,Rapid Ultima 1.6 TDI Elegance,Sedan
Skoda,Superb 1.8 TFSI MT,Sedan
Skoda,Superb 1.8 TSI,Sedan
Skoda,Superb 1.8 TSI MT,Sedan
Skoda,Superb 2.5 TDi AT,Sedan
Skoda,Superb 2.8 V6 AT,Sedan
Skoda,Superb 2009-2014 Elegance 2.0 TDI MT,Sedan
Skoda,Superb Ambition 2.0 TDI CR AT,Sedan
Skoda,Superb Elegance 1.8 TSI AT,Sedan
Skoda,Superb Elegance 1.8 TSI MT,Sedan
Skoda,Superb Elegance 2.0 TDI CR AT,Sedan
Skoda,Superb L&K 1.8 TSI AT,Sedan
Skoda,Superb L&K 2.0 TDI AT,Sedan
Skoda,Superb Style 1.8 TSI AT,Sedan
Skoda,Superb Style 2.0 TDI AT,Sedan
Skoda,Yeti Ambition 4WD,SUV/MUV/MPV
Skoda,Yeti Ambition 4X2,SUV/MUV/MPV
Skoda,Yeti Elegance,SUV/MUV/MPV
Skoda,Yeti Elegance 4X2,SUV/MUV/MPV
Tata,Bolt Quadrajet XE,Hatchback
Tata,Bolt Quadrajet XM,Hatchback
Tata,Bolt Revotron XT,Hatchback
Tata,Hexa XT,SUV/MUV/MPV
Tata,Hexa XTA,SUV/MUV/MPV
Tata,Indica GLS BS IV,Hatchback
Tata,Indica LEI,Hatchback
Tata,Indica V2 2001-2011 eLS,Hatchback
Tata,Indica V2 DL BSIII,Hatchback
Tata,Indica V2 DLE BSIII,Hatchback
Tata,Indica V2 DLG TC,Hatchback
Tata,Indica V2 DLS,Hatchback
Tata,Indica V2 DLS BSII,Hatchback
Tata,Indica V2 DLS BSIII,Hatchback
Tata,Indica V2 DLS TC,Hatchback
Tata,Indica V2 DLX,Hatchback
Tata,Indica V2 eLS,Hatchback
Tata,Indica V2 eLX,Hatchback
Tata,Indica Vista Aqua 1.3 Quadrajet,Hatchback
Tata,Indica Vista Aura 1.3 Quadrajet,Hatchback
Tata,Indica Vista Quadrajet 90 ZX Plus,Hatchback
Tata,Indica Vista Quadrajet LS,Hatchback
Tata,Indica Vista Quadrajet VX,Hatchback
Tata,Indica Vista TDI LS,Hatchback
Tata,Indica Vista TDI LX,Hatchback
Tata,Indigo CS Emax CNG GLX,Sedan
Tata,Indigo CS LX (TDI) BS III,Sedan
Tata,Indigo CS eGLX BS IV,Sedan
Tata,Indigo CS eGVX,Sedan
Tata,Indigo CS eVX,Sedan
Tata,Indigo GLE,Sedan
Tata,Indigo LS,Sedan
Tata,Indigo LS Dicor,Sedan
Tata,Indigo LX,Sedan
Tata,Indigo LX BSII,Sedan
Tata,Indigo XL Classic Dicor,Sedan
Tata,Indigo XL Grand Petrol,Sedan
Tata,Indigo eCS GLE BSIII,Sedan
Tata,Indigo eCS GLX,Sedan
Tata,Indigo eCS LS (TDI) BS-III,Sedan
Tata,Indigo eCS LX BSIV,Sedan
Tata,Indigo eCS eLS BS IV,Sedan
Tata,Indigo eCS eLX BS IV,Sedan
Tata,Manza Aqua Quadrajet,Sedan
Tata,Manza Aqua Quadrajet BS IV,Sedan
Tata,Manza Aqua Safire,Sedan
Tata,Manza Aura Plus Quadrajet BS IV,Sedan
Tata,Manza Aura Quadrajet,Sedan
Tata,Manza Aura Quadrajet BS IV,Sedan
Tata,Manza Aura Safire,Sedan
Tata,Manza Aura Safire BS IV,Sedan
Tata,Manza Club Class Quadrajet90 LS,Sedan
Tata,Manza Club Class Quadrajet90 LX,Sedan
Tata,Manza ELAN Quadrajet BS IV,Sedan
Tata,Nano CX,Hatchback
Tata,Nano Cx,Hatchback
Tata,Nano Cx BSIV,Hatchback
Tata,Nano LX,Hatchback
Tata,Nano LX SE,Hatchback
Tata,Nano Lx,Hatchback
Tata,Nano Lx BSIV,Hatchback
Tata,Nano STD SE,Hatchback
Tata,Nano Twist XT,Hatchback
Tata,Nano XT,Hatchback
Tata,Nano XTA,Hatchback
Tata,New Safari 4X4 EX,SUV/MUV/MPV
Tata,New Safari DICOR 2.2 EX 4x2,SUV/MUV/MPV
Tata,New Safari DICOR 2.2 EX 4x4,SUV/MUV/MPV
Tata,New Safari DICOR 2.2 EX 4x4 BS IV,SUV/MUV/MPV
Tata,New Safari DICOR 2.2 VX 4x2,SUV/MUV/MPV
Tata,New Safari DICOR 2.2 VX 4x4,SUV/MUV/MPV
Tata,New Safari Dicor EX 4X2,SUV/MUV/MPV
Tata,New Safari EX 4x2,SUV/MUV/MPV
Tata,Nexon 1.2 Revotron XZ Plus,SUV/MUV/MPV
Tata,Nexon 1.5 Revotorq XZ Plus Dual Tone,SUV/MUV/MPV
Tata,Safari DICOR 2.2 LX 4x2,SUV/MUV/MPV
Tata,Safari Storme 2012-2015 EX,SUV/MUV/MPV
Tata,Safari Storme 2012-2015 LX,SUV/MUV/MPV
Tata,Safari Storme 2012-2015 VX,SUV/MUV/MPV
Tata,Safari Storme Explorer Edition,SUV/MUV/MPV
Tata,Safari Storme VX,SUV/MUV/MPV
Tata,Safari Storme VX Varicor 400,SUV/MUV/MPV
Tata,Sumo DX,SUV/MUV/MPV
Tata,Sumo Delux,SUV/MUV/MPV
Tata,Sumo EX,SUV/MUV/MPV
Tata,Tiago 1.2 Revotron XM Option,Hatchback
Tata,Tiago 1.2 Revotron XT,Hatchback
Tata,Tiago 1.2 Revotron XT Option,Hatchback
Tata,Tiago 1.2 Revotron XZ,Hatchback
Tata,Tiago 1.2 Revotron XZ WO Alloy,Hatchback
Tata,Tiago AMT 1.2 Revotron XZA,Hatchback
Tata,Tiago Wizz 1.05 Revotorq,Hatchback
Tata,Tigor 1.05 Revotorq XT,Sedan
Tata,Tigor 1.05 Revotorq XZ Option,Sedan
Tata,Tigor 1.2 Revotron XT,Sedan
Tata,Tigor 1.2 Revotron XTA,Sedan
Tata,Tigor XE Diesel,Sedan
Tata,Venture EX,SUV/MUV/MPV
Tata,Xenon XT EX 4X2,SUV/MUV/MPV
Tata,Xenon XT EX 4X4,SUV/MUV/MPV
Tata,Zest Quadrajet 1.3,Sedan
Tata,Zest Quadrajet 1.3 75PS XE,Sedan
Tata,Zest Quadrajet 1.3 75PS XM,Sedan
Tata,Zest Quadrajet 1.3 XT,Sedan
Tata,Zest Revotron 1.2 XT,Sedan
Tata,Zest Revotron 1.2T XE,Sedan
Tata,Zest Revotron 1.2T XM,Sedan
Tata,Zest Revotron 1.2T XMS,Sedan
Toyota,Camry 2.5 G,Sedan
Toyota,Camry 2.5 Hybrid,Sedan
Toyota,Camry A/T,Sedan
Toyota,Camry Hybrid,Sedan
Toyota,Camry Hybrid 2.5,Sedan
Toyota,Camry W2 (AT),Sedan
Toyota,Camry W4 (AT),Sedan
Toyota,Corolla 1.8 J,Sedan
Toyota,Corolla Altis 1.4 DG,Sedan
Toyota,Corolla Altis 1.8 G,Sedan
Toyota,Corolla Altis 1.8 G CNG,Sedan
Toyota,Corolla Altis 1.8 G CVT,Sedan
Toyota,Corolla Altis 1.8 GL,Sedan
Toyota,Corolla Altis 1.8 Limited Edition,Sedan
Toyota,Corolla Altis 1.8 Sport,Sedan
Toyota,Corolla Altis 1.8 VL CVT,Sedan
Toyota,Corolla Altis 2008-2013 1.8 VL AT,Sedan
Toyota,Corolla Altis Aero D 4D J,Sedan
Toyota,Corolla Altis D-4D G,Sedan
Toyota,Corolla Altis D-4D GL,Sedan
Toyota,Corolla Altis D-4D J,Sedan
Toyota,Corolla Altis Diesel D4DG,Sedan
Toyota,Corolla Altis Diesel D4DJ,Sedan
Toyota,Corolla Altis G,Sedan
Toyota,Corolla Altis G AT,Sedan
Toyota,Corolla Altis G HV AT,Sedan
Toyota,Corolla Altis G MT,Sedan
Toyota,Corolla Altis GL MT,Sedan
Toyota,Corolla Altis JS MT,Sedan
Toyota,Corolla Altis VL,Sedan
Toyota,Corolla Altis VL AT,Sedan
Toyota,Corolla DX,Sedan
Toyota,Corolla Executive (HE),Sedan
Toyota,Corolla H2,Sedan
Toyota,Corolla H4,Sedan
Toyota,Corolla H5,Sedan
Toyota,Etios 1.4 VXD,Sedan
Toyota,Etios Cross 1.4 GD,Hatchback
Toyota,Etios Cross 1.4L GD,Hatchback
Toyota,Etios Cross 1.4L VD,Hatchback
Toyota,Etios G,Sedan
Toyota,Etios G SP,Sedan
Toyota,Etios G Safety,Sedan
Toyota,Etios GD,Sedan
Toyota,Etios GD SP,Sedan
Toyota,Etios Liva 1.2 G,Hatchback
Toyota,Etios Liva 1.2 VX Dual Tone,Hatchback
Toyota,Etios Liva 1.4 GD,Hatchback
Toyota,Etios Liva Diesel,Hatchback
Toyota,Etios Liva G,Hatchback
Toyota,Etios Liva GD,Hatchback
Toyota,Etios Liva GD SP,Hatchback
Toyota,Etios Liva V,Hatchback
Toyota,Etios Petrol TRD Sportivo,Sedan
Toyota,Etios V,Sedan
Toyota,Etios VD,Sedan
Toyota,Etios VD SP,Sedan
Toyota,Etios VX,Sedan
Toyota,Etios VXD,Sedan
Toyota,Fortuner 2.8 2WD AT,SUV/MUV/MPV
Toyota,Fortuner 2.8 2WD MT,SUV/MUV/MPV
Toyota,Fortuner 2.8 4WD MT,SUV/MUV/MPV
Toyota,Fortuner 3.0 Diesel,SUV/MUV/MPV
Toyota,Fortuner 4x2 4 Speed AT,SUV/MUV/MPV
Toyota,Fortuner 4x2 AT,SUV/MUV/MPV
Toyota,Fortuner 4x2 AT TRD Sportivo,SUV/MUV/MPV
Toyota,Fortuner 4x2 MT TRD Sportivo,SUV/MUV/MPV
Toyota,Fortuner 4x2 Manual,SUV/MUV/MPV
Toyota,Fortuner 4x4 AT,SUV/MUV/MPV
Toyota,Fortuner 4x4 MT,SUV/MUV/MPV
Toyota,Fortuner 4x4 MT TRD Sportivo,SUV/MUV/MPV
Toyota,Fortuner TRD Sportivo 2.8 2WD AT,SUV/MUV/MPV
Toyota,Innova 2.0 E,SUV/MUV/MPV
Toyota,Innova 2.0 G1,SUV/MUV/MPV
Toyota,Innova 2.0 GX 8 STR,SUV/MUV/MPV
Toyota,Innova 2.5 EV Diesel MS 8 Str BSIII,SUV/MUV/MPV
Toyota,Innova 2.5 G (Diesel) 7 Seater,SUV/MUV/MPV
Toyota,Innova 2.5 G (Diesel) 7 Seater BS IV,SUV/MUV/MPV
Toyota,Innova 2.5 G (Diesel) 8 Seater,SUV/MUV/MPV
Toyota,Innova 2.5 G (Diesel) 8 Seater BS IV,SUV/MUV/MPV
Toyota,Innova 2.5 G3,SUV/MUV/MPV
Toyota,Innova 2.5 G4 Diesel 7-seater,SUV/MUV/MPV
Toyota,Innova 2.5 G4 Diesel 8-seater,SUV/MUV/MPV
Toyota,Innova 2.5 GX (Diesel) 7 Seater,SUV/MUV/MPV
Toyota,Innova 2.5 GX (Diesel) 7 Seater BS IV,SUV/MUV/MPV
Toyota,Innova 2.5 GX (Diesel) 8 Seater,SUV/MUV/MPV
Toyota,Innova 2.5 GX (Diesel) 8 Seater BS IV,SUV/MUV/MPV
Toyota,Innova 2.5 GX 7 STR,SUV/MUV/MPV
Toyota,Innova 2.5 GX 7 STR BSIV,SUV/MUV/MPV
Toyota,Innova 2.5 LE 2014 Diesel 7 Seater,SUV/MUV/MPV
Toyota,Innova 2.5 V Diesel 7-seater,SUV/MUV/MPV
Toyota,Innova 2.5 V Diesel 8-seater,SUV/MUV/MPV
Toyota,Innova 2.5 VX (Diesel) 7 Seater,SUV/MUV/MPV
Toyota,Innova 2.5 VX (Diesel) 7 Seater BS IV,SUV/MUV/MPV
Toyota,Innova 2.5 VX (Diesel) 8 Seater,SUV/MUV/MPV
Toyota,Innova 2.5 VX (Diesel) 8 Seater BS IV,SUV/MUV/MPV
Toyota,Innova 2.5 VX 7 STR BSIV,SUV/MUV/MPV
Toyota,Innova 2.5 Z Diesel 7 Seater,SUV/MUV/MPV
Toyota,Innova 2.5 ZX Diesel 7 Seater,SUV/MUV/MPV
Toyota,Innova 2.5 ZX Diesel 7 Seater BSIII,SUV/MUV/MPV
Toyota,Innova Crysta 2.4 G MT,SUV/MUV/MPV
Toyota,Innova Crysta 2.4 G MT 8S,SUV/MUV/MPV
Toyota,Innova Crysta 2.4 GX MT,SUV/MUV/MPV
Toyota,Innova Crysta 2.4 GX MT 8S,SUV/MUV/MPV
Toyota,Innova Crysta 2.4 VX MT,SUV/MUV/MPV
Toyota,Innova Crysta 2.4 VX MT 8S,SUV/MUV/MPV
Toyota,Innova Crysta 2.4 ZX MT,SUV/MUV/MPV
Toyota,Innova Crysta 2.7 GX MT,SUV/MUV/MPV
Toyota,Innova Crysta 2.8 GX AT,SUV/MUV/MPV
Toyota,Innova Crysta 2.8 GX AT 8S,SUV/MUV/MPV
Toyota,Innova Crysta 2.8 ZX AT,SUV/MUV/MPV
Toyota,Platinum Etios 1.4 GXD,Sedan
Toyota,Qualis FS B2,SUV/MUV/MPV
Toyota,Qualis FS B3,SUV/MUV/MPV
Volkswagen,Ameo 1.2 MPI Anniversary Edition,Sedan
Volkswagen,Ameo 1.2 MPI Comfortline,Sedan
Volkswagen,Ameo 1.2 MPI Highline,Sedan
Volkswagen,Ameo 1.2 MPI Highline 16 Alloy,Sedan
Volkswagen,Ameo 1.2 MPI Highline Plus 16,Sedan
Volkswagen,Ameo 1.2 MPI Trendline,Sedan
Volkswagen,Ameo 1.5 TDI Comfortline,Sedan
Volkswagen,Ameo 1.5 TDI Comfortline AT,Sedan
Volkswagen,Ameo 1.5 TDI Highline,Sedan
Volkswagen,Ameo 1.5 TDI Highline AT,Sedan
Volkswagen,Beetle 2.0,Hatchback
Volkswagen,CrossPolo 1.5 TDI,Hatchback
Volkswagen,Jetta 2007-2011 1.9 Highline TDI,Sedan
Volkswagen,Jetta 2007-2011 1.9 TDI Trendline,Sedan
Volkswagen,Jetta 2007-2011 2.0 TDI Comfortline,Sedan
Volkswagen,Jetta 2007-2011 2.0 TDI Trendline,Sedan
Volkswagen,Jetta 2012-2014 1.4 TSI,Sedan
Volkswagen,Jetta 2012-2014 2.0L TDI Comfortline,Sedan
Volkswagen,Jetta 2012-2014 2.0L TDI Highline,Sedan
Volkswagen,Jetta 2012-2014 2.0L TDI Highline AT,Sedan
Volkswagen,Jetta 2012-2014 2.0L TDI Trendline,Sedan
Volkswagen,Jetta 2013-2015 2.0L TDI Highline,Sedan
Volkswagen,Jetta 2013-2015 2.0L TDI Highline AT,Sedan
Volkswagen,Passat 1.8 TSI MT,Sedan
Volkswagen,Passat 2.0 PD DSG,Sedan
Volkswagen,Passat Diesel Highline 2.0 TDI,Sedan
Volkswagen,Passat Highline DSG,Sedan
Volkswagen,Polo 1.0 MPI Comfortline,Hatchback
Volkswagen,Polo 1.0 MPI Trendline,Hatchback
Volkswagen,Polo 1.2 MPI Comfortline,Hatchback
Volkswagen,Polo 1.2 MPI Highline,Hatchback
Volkswagen,Polo 1.2 MPI Highline Plus,Hatchback
Volkswagen,Polo 1.2 MPI Trendline,Hatchback
Volkswagen,Polo 1.5 TDI Comfortline,Hatchback
Volkswagen,Polo 1.5 TDI Highline,Hatchback
Volkswagen,Polo 1.5 TDI Trendline,Hatchback
Volkswagen,Polo Diesel Comfortline 1.2L,Hatchback
Volkswagen,Polo Diesel Highline 1.2L,Hatchback
Volkswagen,Polo Diesel Trendline 1.2L,Hatchback
Volkswagen,Polo GT 1.5 TDI,Hatchback
Volkswagen,Polo GT TDI,Hatchback
Volkswagen,Polo GT TSI,Hatchback
Volkswagen,Polo GTI,Hatchback
Volkswagen,Polo IPL II 1.2 Petrol Highline,Hatchback
Volkswagen,Polo Petrol Comfortline 1.2L,Hatchback
Volkswagen,Polo Petrol Highline 1.2L,Hatchback
Volkswagen,Polo Petrol Highline 1.6L,Hatchback
Volkswagen,Polo Petrol Trendline 1.2L,Hatchback
Volkswagen,Tiguan 2.0 TDI Highline,SUV/MUV/MPV
Volkswagen,Vento 1.2 TSI Highline AT,Sedan
Volkswagen,Vento 1.5 Highline Plus AT 16 Alloy,Sedan
Volkswagen,Vento 1.5 TDI Comfortline,Sedan
Volkswagen,Vento 1.5 TDI Comfortline AT,Sedan
Volkswagen,Vento 1.5 TDI Highline,Sedan
Volkswagen,Vento 1.5 TDI Highline AT,Sedan
Volkswagen,Vento 1.5 TDI Trendline,Sedan
Volkswagen,Vento 1.6 Comfortline,Sedan
Volkswagen,Vento 1.6 Highline,Sedan
Volkswagen,Vento 2013-2015 1.6 Comfortline,Sedan
Volkswagen,Vento Diesel Breeze,Sedan
Volkswagen,Vento Diesel Comfortline,Sedan
Volkswagen,Vento Diesel Highline,Sedan
Volkswagen,Vento Diesel Trendline,Sedan
Volkswagen,Vento IPL II Petrol Highline AT,Sedan
Volkswagen,Vento IPL II Petrol Trendline,Sedan
Volkswagen,Vento Konekt Diesel Highline,Sedan
Volkswagen,Vento Magnific 1.6 Comfortline,Sedan
Volkswagen,Vento Petrol Comfortline,Sedan
Volkswagen,Vento Petrol Highline,Sedan
Volkswagen,Vento Petrol Highline AT,Sedan
Volkswagen,Vento Petrol Trendline,Sedan
Volkswagen,Vento Sport 1.2 TSI AT,Sedan
Volkswagen,Vento TSI,Sedan
Volvo,S60 D3,Sedan
Volvo,S60 D4 KINETIC,Sedan
Volvo,S60 D4 Momentum,Sedan
Volvo,S60 D4 SUMMUM,Sedan
Volvo,S60 D5 Summum,Sedan
Volvo,S80 2006-2013 D5,Sedan
Volvo,S80 D5,Sedan
Volvo,V40 Cross Country D3,Hatchback
Volvo,V40 D3,Hatchback
Volvo,V40 D3 R Design,Hatchback
Volvo,XC60 D4 SUMMUM,SUV/MUV/MPV
Volvo,XC60 D4 Summum,SUV/MUV/MPV
Volvo,XC60 D5,SUV/MUV/MPV
Volvo,XC60 D5 Inscription,SUV/MUV/MPV
Volvo,XC90 2007-2015 D5 AT AWD,SUV/MUV/MPV
Volvo,XC90 2007-2015 D5 AWD,SUV/MUV/MPV
